student_id,first_name,last_name,gender,birth_date,admission_year,program,city,country,created_at
1,Jeffery,Tanner,Male,2003-06-28,2023,BS Computer Science,Jordanfurt,Martinique,2021-09-02
2,Joshua,Miller,Male,1996-07-02,2024,BS Computer Science,Ritterfurt,Saint Vincent and the Grenadines,2020-06-17
3,Brittany,Brock,Female,2001-12-13,2022,BS Electrical,Christophermouth,Moldova,2025-04-06
4,Jerry,Gonzalez,Male,1996-03-27,2021,BS Electrical,East Jennifer,Cape Verde,2023-05-13
5,Robert,Beard,Male,2006-06-12,2023,BS Business,West Stephanie,Oman,2022-04-01
6,Michael,Martinez,Male,1996-10-21,2023,BS Software Eng,West Gregory,Macao,2023-01-09
7,Carlos,Grant,Male,2000-10-28,2024,BS Electrical,Waltersmouth,Mauritania,2022-01-17
8,David,Rodriguez,Male,2004-10-21,2021,BS Electrical,Colemanshire,Tunisia,2025-04-26
9,Taylor,Sparks,Female,2004-06-25,2021,BS Computer Science,Brittneyborough,Namibia,2025-02-19
10,Lauren,Chen,Female,1996-03-14,2021,BS Electrical,Burnettfort,United States Virgin Islands,2025-06-27
11,Tyler,Lynch,Male,2008-02-06,2020,BS Mathematics,New Andrewville,Bahamas,2025-06-18
12,David,Hamilton,Male,2002-11-08,2022,BS Electrical,Ryanburgh,Brazil,2021-12-01
13,Madison,Gray,Female,1999-05-23,2019,BS Mathematics,Port Adam,Antarctica (the territory South of 60 deg S),2025-10-04
14,Seth,Berry,Male,1996-08-19,2024,BS Software Eng,North Deborah,Saint Lucia,2021-04-05
15,Sean,Woodward,Male,1996-07-03,2024,BS Software Eng,Rodriguezstad,Belarus,2022-09-16
16,Crystal,Stephens,Female,2008-10-17,2024,BS Mathematics,Millerchester,Guatemala,2020-01-18
17,Brent,Nunez,Male,2006-06-03,2022,BS Mathematics,Lake Mercedesfort,Reunion,2023-08-31
18,Diane,Miller,Female,2000-10-18,2019,BS Mathematics,East Josephfort,Samoa,2025-05-07
19,Sarah,Pierce,Female,2005-05-31,2022,BS Electrical,Christinemouth,Bermuda,2022-05-19
20,Robert,Cuevas,Male,2006-12-03,2024,BS Software Eng,Wagnerbury,Andorra,2020-02-23
21,Luis,Hall,Male,1998-05-10,2022,BS Electrical,South Katherineville,Sweden,2025-06-02
22,Russell,Roberts,Male,1999-01-23,2021,BS Business,New Brendashire,Cote d'Ivoire,2023-01-15
23,David,Garcia,Male,2002-12-20,2024,BS Business,New Sharon,Saint Kitts and Nevis,2022-01-20
24,Brittany,Quinn,Female,2008-09-16,2019,BS Business,East Michele,Puerto Rico,2025-06-26
25,Barbara,King,Female,1998-03-28,2019,BS Electrical,North Christinaborough,Mauritania,2025-03-23
26,Kristen,Trujillo,Female,2004-09-13,2020,BS Mathematics,Hollandburgh,Christmas Island,2025-01-31
27,Robert,Ball,Male,2008-01-11,2023,BS Electrical,Lake Adam,United States Minor Outlying Islands,2022-12-20
28,Jason,Miller,Male,1998-04-18,2021,BS Software Eng,Alvarezbury,Wallis and Futuna,2022-12-29
29,Devon,Savage,Male,2004-08-21,2021,BS Computer Science,West Kimberlyville,Guernsey,2023-05-05
30,Terri,Leon,Female,2003-05-16,2019,BS Business,Port Joshua,Mali,2025-06-22
31,Michael,Barker,Male,1996-08-16,2022,BS Mathematics,Michaelmouth,Austria,2023-12-27
32,Marisa,Watkins,Female,1999-04-25,2024,BS Electrical,Andrewport,Congo,2024-12-17
33,Michael,Allen,Male,2007-06-11,2023,BS Business,Ericshire,Taiwan,2021-11-15
34,Steven,Perry,Male,2004-11-24,2020,BS Mathematics,East Rebeccaborough,Mali,2024-09-21
35,Kimberly,Carroll,Female,2008-07-29,2024,BS Electrical,West Logan,Lao People's Democratic Republic,2020-02-13
36,Edward,Williams,Male,2004-01-06,2024,BS Mathematics,Gregoryhaven,Bangladesh,2024-05-21
37,Richard,Garcia,Male,2004-08-16,2022,BS Mathematics,West Sonya,Nepal,2025-01-20
38,Tanya,Thompson,Female,2008-08-21,2022,BS Electrical,Katieport,Tuvalu,2022-01-07
39,Matthew,Evans,Male,2006-09-04,2023,BS Business,South Keithborough,Malta,2023-12-01
40,Madison,Bowman,Female,1997-01-25,2020,BS Business,Lake Debbieberg,Hungary,2024-10-04
41,Debra,Ruiz,Female,2001-03-19,2021,BS Business,New Kayla,Slovenia,2024-11-07
42,Dawn,Williamson,Female,1997-03-08,2022,BS Mathematics,North Christinamouth,Guatemala,2025-03-12
43,Jennifer,Nelson,Female,2004-11-28,2023,BS Electrical,Lake Valerie,Venezuela,2024-01-24
44,Chase,Woodard,Male,2004-12-03,2024,BS Business,Lake Kristihaven,Turks and Caicos Islands,2023-06-21
45,Cynthia,Stevenson,Female,2002-11-30,2022,BS Business,North Ruben,Jamaica,2022-02-08
46,Michael,Avery,Male,2007-02-05,2023,BS Business,Whitemouth,China,2022-01-02
47,Curtis,Walters,Male,2004-10-27,2023,BS Electrical,Port Jenniferhaven,Malta,2024-10-02
48,Kristi,Davenport,Female,2008-06-01,2022,BS Electrical,Port James,British Virgin Islands,2024-05-01
49,Charles,Taylor,Male,1999-06-24,2022,BS Business,North Dennis,Denmark,2021-12-27
50,Jessica,Gardner,Female,1998-01-27,2023,BS Business,New Haleyborough,Libyan Arab Jamahiriya,2024-09-16
51,Samuel,Jenkins,Male,2000-11-17,2020,BS Business,South Jesus,Guatemala,2024-12-17
52,Zachary,Parker,Male,2006-07-25,2021,BS Electrical,Whiteview,Belize,2024-01-04
53,Lisa,Ellis,Female,2008-09-10,2020,BS Mathematics,Walkerchester,Singapore,2025-11-03
54,Eddie,Davis,Male,1997-09-21,2019,BS Computer Science,South Deborah,Puerto Rico,2025-07-13
55,Stephanie,Lee,Female,1998-08-10,2022,BS Mathematics,Lake Jennifer,Anguilla,2022-09-04
56,Stephen,Smith,Male,2005-07-12,2022,BS Mathematics,Debraborough,Jamaica,2024-02-18
57,Kathryn,Ayala,Female,2007-03-26,2022,BS Computer Science,North Maryshire,Burundi,2024-01-03
58,Nicholas,Mcdaniel,Male,1999-07-02,2022,BS Software Eng,Port Johnchester,French Guiana,2025-04-02
59,Joseph,Black,Male,2001-03-01,2022,BS Computer Science,West Laura,Fiji,2022-09-08
60,Christopher,Padilla,Male,1995-12-26,2022,BS Business,Millsville,Sri Lanka,2021-11-13
61,Kathy,Harper,Female,1997-06-20,2024,BS Mathematics,Michelleside,Saint Pierre and Miquelon,2022-09-02
62,Nathan,Kaufman,Male,2003-04-05,2022,BS Software Eng,New Lawrencestad,Kenya,2023-04-27
63,Olivia,Gill,Female,2002-05-08,2021,BS Business,North Kennethstad,San Marino,2023-10-01
64,Dennis,Hamilton,Male,2008-07-25,2023,BS Software Eng,West Nathanmouth,Ecuador,2023-04-18
65,Rebecca,Walker,Female,2003-02-21,2020,BS Computer Science,Stevenville,New Zealand,2025-03-30
66,Steven,Rose,Male,2008-02-24,2021,BS Electrical,Johnsonmouth,Peru,2024-12-15
67,Lindsay,Scott,Female,1998-05-20,2024,BS Software Eng,Palmerport,Singapore,2020-07-24
68,Allison,James,Female,2006-09-03,2021,BS Electrical,Leonardport,Bangladesh,2024-05-03
69,Casey,Buck,Male,2002-07-13,2024,BS Mathematics,Josephberg,Yemen,2020-10-07
70,Vanessa,Keith,Female,2000-08-16,2024,BS Electrical,Scottland,Liberia,2025-08-02
71,Lindsey,Wheeler,Female,2008-02-08,2020,BS Electrical,Johnsonview,Netherlands Antilles,2023-12-27
72,Lori,Johnson,Female,2008-08-23,2024,BS Mathematics,North Ashley,Christmas Island,2023-07-22
73,Phillip,Miller,Male,2008-08-17,2019,BS Computer Science,Alejandroton,Guinea,2025-01-01
74,Jody,Estrada,Female,1996-02-03,2023,BS Mathematics,North Joann,Bulgaria,2021-05-27
75,Thomas,Gibson,Male,2004-05-09,2023,BS Business,Port Jonathanport,Egypt,2022-08-01
76,Paula,Rubio,Female,1997-05-22,2019,BS Electrical,Jacobchester,Benin,2024-11-11
77,Laura,King,Female,1998-08-21,2021,BS Mathematics,New Robertview,Yemen,2024-11-07
78,Heather,Lowery,Female,1999-05-30,2019,BS Computer Science,Rodriguezton,Djibouti,2025-05-09
79,Jonathan,Lara,Male,2000-05-03,2021,BS Electrical,Karenfurt,Uzbekistan,2024-07-10
80,Miguel,Collins,Male,1999-03-19,2021,BS Business,Stephaniestad,Uruguay,2023-09-08
81,Julia,Young,Female,2007-05-17,2022,BS Business,Brettbury,Croatia,2025-05-24
82,Marissa,Smith,Female,2007-08-17,2021,BS Computer Science,West Megan,Estonia,2024-09-29
83,Paul,Johnson,Male,2007-06-22,2019,BS Computer Science,New Larryborough,New Caledonia,2025-09-05
84,Katherine,Osborne,Female,2005-08-30,2022,BS Mathematics,Samuelton,Greece,2025-04-02
85,Melinda,Sanders,Female,2006-07-18,2022,BS Software Eng,Wigginsmouth,Saint Vincent and the Grenadines,2025-04-16
86,Joseph,Mcintosh,Male,2002-12-07,2021,BS Computer Science,East Thomasland,Turkey,2022-12-24
87,James,Mejia,Male,2003-10-31,2023,BS Mathematics,Staceyfurt,Canada,2023-05-27
88,Kevin,Jones,Male,2001-08-30,2021,BS Business,Williamport,North Macedonia,2024-04-10
89,Teresa,Smith,Female,2003-05-25,2023,BS Software Eng,Michaelborough,Malta,2025-06-09
90,Alison,Fuentes,Female,2004-07-26,2019,BS Software Eng,Lake Jenniferborough,Tonga,2025-01-04
91,Dawn,Murphy,Female,2006-06-04,2020,BS Business,Brownshire,Saudi Arabia,2024-06-11
92,Ashley,Baker,Female,1996-02-15,2023,BS Computer Science,Blakeview,Martinique,2022-11-28
93,Nathan,Curry,Male,2002-02-07,2020,BS Software Eng,Lake Bobby,Guadeloupe,2025-10-08
94,Shelby,Johnson,Female,2003-05-23,2021,BS Software Eng,Reedfurt,Pakistan,2025-03-11
95,Victor,Drake,Male,1999-03-19,2022,BS Computer Science,New Ethan,Cayman Islands,2024-10-22
96,Shawn,Bailey,Male,2008-08-05,2022,BS Computer Science,Parkerborough,Costa Rica,2023-08-21
97,Christopher,Combs,Male,1997-11-25,2021,BS Software Eng,New Jennaland,France,2024-06-27
98,Lisa,Rogers,Female,2004-09-07,2020,BS Electrical,Jakeview,Syrian Arab Republic,2024-08-24
99,Mark,Rogers,Male,1997-06-22,2023,BS Software Eng,Marilynbury,Bangladesh,2021-08-15
100,Marcia,Evans,Female,2007-02-13,2020,BS Electrical,Jameston,Egypt,2024-03-05
101,Mary,Mccullough,Female,1999-07-13,2024,BS Software Eng,Henrymouth,Peru,2020-12-09
102,Jennifer,Wood,Female,2000-03-20,2020,BS Electrical,Christiechester,United States Virgin Islands,2024-10-31
103,Laura,Larson,Female,1996-02-07,2021,BS Business,North Kaitlinburgh,Kyrgyz Republic,2023-07-03
104,John,Rojas,Male,2006-01-31,2023,BS Software Eng,West Anthonyfurt,Indonesia,2022-01-26
105,Crystal,Williams,Female,2002-05-06,2023,BS Computer Science,Port Lisaport,Niger,2024-01-04
106,Kiara,Jenkins,Female,2001-12-07,2023,BS Business,West Ethan,Tunisia,2021-01-16
107,Alexandra,Estrada,Female,2004-06-25,2022,BS Business,South Jasonburgh,Suriname,2023-03-11
108,Lindsey,Suarez,Female,2004-06-02,2020,BS Software Eng,Susanchester,Aruba,2024-06-03
109,Gene,Baker,Male,2000-09-21,2023,BS Computer Science,New Evan,Comoros,2022-05-30
110,William,Long,Male,2000-12-05,2022,BS Business,Erinton,Norfolk Island,2025-03-01
111,Kerry,Pierce,Female,2007-05-15,2024,BS Software Eng,Davidville,Namibia,2022-07-21
112,Amanda,Smith,Female,2001-08-31,2021,BS Electrical,Port Kevin,Albania,2023-01-22
113,Danielle,Woods,Female,2003-04-12,2021,BS Software Eng,New Allenview,Timor-Leste,2023-02-07
114,Kimberly,Fletcher,Female,2008-10-19,2019,BS Business,Lake Rachel,Malaysia,2025-09-12
115,Robin,Horton,Female,2007-01-14,2024,BS Mathematics,South Michael,United States Minor Outlying Islands,2023-03-27
116,Mark,Johnson,Male,2000-06-22,2024,BS Software Eng,Port Lisa,Palau,2023-06-10
117,David,Holt,Male,1998-12-25,2020,BS Computer Science,Gonzalezfort,Afghanistan,2024-11-07
118,Christopher,Lambert,Male,1996-01-15,2019,BS Software Eng,Port Cynthiatown,Niger,2025-04-01
119,Mary,Hurst,Female,1996-03-30,2019,BS Computer Science,North Dianaburgh,French Polynesia,2025-07-10
120,Michael,Berg,Male,1998-04-11,2022,BS Computer Science,Rodgersport,Papua New Guinea,2024-03-05
121,Vanessa,Lopez,Female,1999-06-03,2024,BS Mathematics,New Davidburgh,Jordan,2023-12-31
122,Robert,Williams,Male,1999-07-28,2023,BS Mathematics,Andersonberg,Mozambique,2023-11-12
123,Courtney,Holt,Female,2008-09-10,2024,BS Mathematics,Lake Jamesburgh,Gabon,2025-10-30
124,Zachary,Cunningham,Male,1996-01-13,2021,BS Software Eng,Marcostad,Belize,2023-10-13
125,Catherine,Hernandez,Female,1995-11-24,2024,BS Mathematics,Freemanland,Kiribati,2025-08-25
126,Crystal,Scott,Female,2007-08-13,2021,BS Mathematics,Wardton,Korea,2023-11-11
127,Tonya,Adams,Female,2003-02-11,2022,BS Mathematics,East Charlesshire,Iceland,2024-06-14
128,Larry,Bridges,Male,2005-05-20,2024,BS Computer Science,East Stanleyton,Romania,2025-08-05
129,Kathleen,Austin,Female,2002-10-04,2021,BS Computer Science,West Alan,Barbados,2024-10-19
130,Lindsey,Chan,Female,2006-11-30,2021,BS Computer Science,Port Alex,Svalbard & Jan Mayen Islands,2023-07-06
131,Ashley,Wu,Female,2003-11-16,2023,BS Electrical,Johnsonberg,Marshall Islands,2023-02-27
132,Jennifer,Castaneda,Female,2003-08-21,2022,BS Software Eng,West Robertport,Christmas Island,2022-12-12
133,Kristin,Brown,Female,1999-05-08,2019,BS Software Eng,New Sarahshire,Slovenia,2025-11-05
134,James,Mclaughlin,Male,1996-02-25,2023,BS Electrical,Port Kellyton,Bolivia,2024-09-15
135,Nathan,Griffith,Male,2007-03-05,2024,BS Business,Christophertown,Hungary,2020-08-07
136,Anna,Lynch,Female,2001-08-20,2021,BS Business,South Mariaside,Sierra Leone,2024-05-14
137,Natalie,Rose,Female,2008-10-18,2024,BS Business,New Michelle,Reunion,2024-01-14
138,Rachel,Williams,Female,2003-12-05,2022,BS Software Eng,West Kathleenstad,United States Minor Outlying Islands,2024-12-11
139,Bradley,Shepherd,Male,2007-11-29,2021,BS Electrical,Port Amyfort,Swaziland,2024-07-14
140,Curtis,Stewart,Male,2002-08-19,2020,BS Electrical,West Jameston,Brazil,2024-03-15
141,Ronald,Nelson,Male,1997-04-21,2021,BS Mathematics,Patricktown,Congo,2023-01-24
142,Valerie,Roman,Female,2008-09-19,2022,BS Software Eng,Port Briannaburgh,Korea,2025-07-02
143,Morgan,Lynch,Female,2005-09-03,2024,BS Computer Science,Erinberg,Slovakia (Slovak Republic),2024-12-12
144,Cody,Smith,Male,1998-08-07,2023,BS Mathematics,Richardchester,South Georgia and the South Sandwich Islands,2021-12-03
145,Jimmy,Long,Male,1999-03-27,2023,BS Software Eng,New Roberta,Liberia,2020-12-30
146,John,Cooper,Male,2003-05-10,2022,BS Electrical,South Jamesberg,Bolivia,2025-10-20
147,Tabitha,Williams,Female,2001-10-06,2023,BS Electrical,New Derrickville,British Indian Ocean Territory (Chagos Archipelago),2024-04-08
148,Abigail,Wallace,Female,2007-08-07,2022,BS Software Eng,North Amychester,Saint Pierre and Miquelon,2023-07-19
149,Christopher,Coleman,Male,2000-10-01,2019,BS Computer Science,West Kimberlyside,Niue,2025-01-27
150,Lindsey,Ramos,Female,2001-01-19,2021,BS Computer Science,Lynchborough,Eritrea,2024-09-27
151,Justin,Gonzalez,Male,1998-08-25,2019,BS Computer Science,Parkerville,Christmas Island,2025-07-07
152,Nichole,Fox,Female,2005-08-17,2019,BS Software Eng,Reedshire,Togo,2025-05-08
153,Jennifer,Johnson,Female,1997-02-11,2021,BS Computer Science,Rodneyville,Uganda,2025-01-01
154,William,Graham,Male,2002-11-04,2019,BS Computer Science,Nelsontown,Kyrgyz Republic,2025-07-17
155,Shane,Bird,Male,2008-03-10,2023,BS Business,Lake Michaelshire,Ghana,2024-04-24
156,Natalie,Arias,Female,1999-06-06,2021,BS Software Eng,East Sandra,Papua New Guinea,2023-01-28
157,Tracy,Davis,Male,1996-10-24,2022,BS Software Eng,New Jennifer,Bulgaria,2023-07-27
158,Dana,Quinn,Female,2006-03-21,2019,BS Business,Austinland,Zimbabwe,2025-08-11
159,Matthew,Sanford,Male,2002-09-01,2021,BS Electrical,South Drewtown,Tunisia,2023-09-06
160,Lauren,Simon,Female,2005-01-09,2019,BS Business,Randolphview,Dominica,2025-10-30
161,John,Cook,Male,2005-10-05,2019,BS Software Eng,Harveyview,Maldives,2025-06-21
162,Nancy,Aguilar,Female,2006-11-17,2023,BS Computer Science,East Evan,Svalbard & Jan Mayen Islands,2021-09-19
163,Holly,Taylor,Female,2001-07-12,2019,BS Mathematics,West Patricia,Turkmenistan,2025-08-02
164,Hailey,Martinez,Female,1995-11-11,2023,BS Mathematics,Rossmouth,Sao Tome and Principe,2025-01-30
165,Brian,Moore,Male,2005-09-13,2020,BS Computer Science,South Williamside,Zimbabwe,2024-10-10
166,Tracey,Padilla,Female,2000-11-04,2019,BS Software Eng,Curtishaven,Guernsey,2025-10-29
167,Amy,Morrison,Female,2007-04-11,2022,BS Mathematics,Kristineville,Kenya,2024-04-01
168,Robert,Hernandez,Male,2007-05-10,2020,BS Business,Port Michaelchester,Cyprus,2023-12-04
169,William,Smith,Male,1997-08-17,2024,BS Electrical,New Jennifer,American Samoa,2024-11-22
170,Diane,Rodriguez,Female,2004-05-27,2020,BS Computer Science,Port Micheal,Korea,2025-10-11
171,Leslie,Mckinney,Female,1997-09-04,2022,BS Software Eng,New Alyssa,Burkina Faso,2025-03-16
172,Veronica,Torres,Female,2005-04-27,2024,BS Software Eng,Josephton,Saint Barthelemy,2023-04-15
173,Kristine,Nash,Female,1996-08-04,2021,BS Electrical,East Timothy,Norway,2023-05-29
174,Carlos,Green,Male,1999-02-25,2024,BS Business,Shawnbury,Korea,2020-09-07
175,Jeffrey,Murphy,Male,2003-02-01,2023,BS Software Eng,New Ryan,Northern Mariana Islands,2021-05-12
176,James,Thomas,Male,2006-11-24,2019,BS Computer Science,East Nicholas,Slovenia,2024-11-09
177,Jenna,Johnson,Female,2007-10-22,2020,BS Software Eng,Marshside,United States of America,2024-05-08
178,Elizabeth,Hart,Female,2007-02-10,2024,BS Computer Science,East John,Bulgaria,2022-07-29
179,Jennifer,Stewart,Female,2003-09-09,2022,BS Mathematics,North Kennethborough,Wallis and Futuna,2024-04-01
180,Daniel,Gray,Male,2004-11-29,2019,BS Mathematics,North Kathrynborough,Taiwan,2024-12-23
181,Anthony,Crawford,Male,2004-06-29,2022,BS Business,Martinezfort,Libyan Arab Jamahiriya,2023-01-01
182,Mark,Garcia,Male,2005-10-04,2019,BS Software Eng,Thompsonville,Zambia,2025-01-31
183,James,Watson,Male,2004-11-22,2020,BS Electrical,Jacquelinechester,Saint Pierre and Miquelon,2023-12-29
184,Richard,Powers,Male,2001-10-26,2020,BS Software Eng,West Carlshire,Yemen,2024-04-15
185,Kimberly,Schultz,Female,2002-05-05,2023,BS Mathematics,New Jennifer,Mozambique,2020-11-27
186,Tyler,Higgins,Male,1998-05-30,2020,BS Software Eng,Boydville,Brunei Darussalam,2025-02-14
187,Jennifer,Morrison,Female,2006-09-03,2020,BS Electrical,South Margaretstad,Svalbard & Jan Mayen Islands,2024-11-23
188,Robert,Wood,Male,2007-09-12,2021,BS Electrical,Harrybury,American Samoa,2025-09-07
189,Patrick,Cummings,Male,2007-06-23,2024,BS Electrical,Lake Kevin,Senegal,2019-11-14
190,Carrie,Lopez,Female,1998-03-26,2023,BS Mathematics,Lake Loganchester,San Marino,2023-12-05
191,Joseph,Scott,Male,1997-11-24,2020,BS Computer Science,Port Sydney,British Virgin Islands,2025-03-17
192,Elizabeth,Rose,Female,2002-06-02,2020,BS Computer Science,New Ebony,Austria,2025-04-05
193,Jermaine,Graham,Male,2005-12-16,2019,BS Mathematics,Hunterfurt,Norfolk Island,2024-11-13
194,Kevin,Lowery,Male,1997-10-02,2019,BS Computer Science,Clineberg,Botswana,2025-03-07
195,Andrea,Fitzgerald,Female,2004-05-17,2021,BS Electrical,Hallstad,Venezuela,2025-07-08
196,Anthony,Bennett,Male,1997-06-01,2022,BS Computer Science,Charlesside,Kiribati,2022-05-10
197,Ryan,Fowler,Male,2006-06-06,2019,BS Electrical,Port Joshua,Andorra,2025-01-02
198,Diana,Strong,Female,2002-06-09,2022,BS Mathematics,Kristamouth,Sudan,2024-12-23
199,Susan,Marshall,Female,2005-08-21,2021,BS Mathematics,Sarahton,Wallis and Futuna,2023-05-13
200,Hunter,Duncan,Male,1999-09-02,2021,BS Computer Science,New Robert,Russian Federation,2024-09-12
201,Stephen,Scott,Male,2007-12-29,2019,BS Mathematics,Lake Rhondaport,Saint Kitts and Nevis,2025-09-13
202,Michael,Robinson,Male,1997-09-28,2021,BS Computer Science,Hardinfurt,Italy,2023-11-15
203,Matthew,Smith,Male,2004-10-09,2021,BS Business,Leeshire,France,2025-09-05
204,Tina,Goodwin,Female,1999-01-02,2020,BS Mathematics,Paulafort,Equatorial Guinea,2025-04-21
205,Jennifer,Montoya,Female,2008-01-21,2024,BS Mathematics,Walshshire,Peru,2021-12-05
206,Karen,Arnold,Female,2003-07-03,2020,BS Mathematics,Brittanyshire,Barbados,2025-09-05
207,Tracy,Grant,Female,1998-07-10,2022,BS Mathematics,Amberfort,United States of America,2023-04-22
208,Tyler,Kim,Male,1996-01-15,2022,BS Mathematics,North Curtis,Solomon Islands,2021-11-27
209,Deborah,Holden,Female,1997-04-12,2023,BS Business,New Emmashire,Estonia,2024-01-16
210,Kayla,Bond,Female,2000-09-10,2024,BS Software Eng,Caseyhaven,Mexico,2023-08-17
211,Thomas,Conner,Male,2008-04-01,2024,BS Software Eng,South Ryanborough,Algeria,2019-11-10
212,Keith,Gordon,Male,1999-10-20,2021,BS Computer Science,Isaacview,Afghanistan,2023-08-26
213,Joseph,Browning,Male,2002-11-08,2019,BS Business,Jeffreyview,Honduras,2025-07-19
214,Whitney,Bennett,Female,1999-09-13,2024,BS Mathematics,Port Haleyshire,French Southern Territories,2023-04-12
215,Tammy,Watson,Female,2003-03-07,2024,BS Computer Science,Port Joseton,Guinea-Bissau,2023-07-01
216,April,Gutierrez,Female,2000-04-27,2019,BS Software Eng,Coreyshire,Bosnia and Herzegovina,2025-05-26
217,Tina,Lopez,Female,1997-06-22,2022,BS Business,West Paulberg,New Zealand,2024-09-19
218,Denise,Wood,Female,2008-06-16,2024,BS Business,Terryside,Niue,2020-10-07
219,Larry,Hopkins,Male,2008-10-20,2024,BS Mathematics,Ellisview,Kuwait,2020-11-11
220,Lindsay,Jones,Female,2005-06-10,2023,BS Computer Science,East Jessica,Bolivia,2022-08-08
221,Jenny,Harris,Female,1997-06-04,2022,BS Business,New Kellyland,Marshall Islands,2022-10-11
222,Rebecca,Elliott,Female,2008-08-01,2024,BS Electrical,Patelside,Indonesia,2020-01-23
223,Ashley,Garcia,Female,1998-01-20,2021,BS Business,Port Danielport,British Virgin Islands,2025-06-09
224,Justin,Perry,Male,2005-10-25,2020,BS Computer Science,South Alicia,Vanuatu,2024-10-28
225,Candace,Hodges,Female,2002-05-18,2019,BS Business,North Ritafort,Serbia,2025-01-20
226,Jeremy,Smith,Male,1999-05-07,2019,BS Business,South Georgeburgh,Netherlands,2025-10-09
227,Dustin,Steele,Male,1999-08-04,2024,BS Computer Science,South Mia,Iraq,2021-07-16
228,Joseph,Nichols,Male,1998-01-14,2022,BS Mathematics,West Lisamouth,Saint Pierre and Miquelon,2024-10-21
229,Allen,West,Male,2008-02-23,2023,BS Business,Jesuston,Sweden,2025-09-12
230,Samantha,Adams,Female,2000-05-05,2021,BS Computer Science,Frostport,Yemen,2023-07-14
231,Michelle,Lam,Female,1997-08-24,2023,BS Mathematics,Rodriguezshire,South Georgia and the South Sandwich Islands,2021-02-05
232,Daniel,Lewis,Male,1996-04-02,2024,BS Computer Science,North Aaron,Mayotte,2020-11-24
233,Melvin,Lloyd,Male,1997-07-15,2021,BS Electrical,North Richard,Central African Republic,2025-03-01
234,Nicholas,Hall,Male,2004-10-31,2019,BS Software Eng,Stephenburgh,Norway,2024-12-12
235,James,Davis,Male,2008-06-22,2022,BS Computer Science,Jamesberg,Tajikistan,2023-10-15
236,Andrea,Williams,Female,2007-09-10,2024,BS Mathematics,Lake Michaelmouth,Chad,2022-05-26
237,Vanessa,Clay,Female,2004-01-08,2022,BS Computer Science,East Megan,Belize,2022-03-26
238,Jessica,Owens,Female,2000-07-27,2019,BS Electrical,Santiagoberg,Guinea-Bissau,2025-09-10
239,Kevin,Johnson,Male,2006-01-18,2021,BS Business,New Cathyport,Cocos (Keeling) Islands,2025-01-02
240,Julie,Mcneil,Female,2007-02-28,2022,BS Business,West Amandafort,British Indian Ocean Territory (Chagos Archipelago),2025-06-11
241,Michael,Hart,Male,2001-07-11,2019,BS Electrical,Lake Mark,British Virgin Islands,2025-01-17
242,Alejandra,Bonilla,Female,2001-02-23,2022,BS Computer Science,South Mark,Spain,2024-02-08
243,David,Lee,Male,2001-03-15,2024,BS Electrical,South Joseph,Peru,2024-09-11
244,Douglas,Wilson,Male,2001-07-06,2020,BS Computer Science,Anthonyberg,Dominican Republic,2024-01-25
245,Jennifer,Perez,Female,2007-02-12,2020,BS Computer Science,Alyssaberg,Iraq,2024-07-21
246,Daniel,Petty,Male,1997-08-06,2021,BS Business,Johnsonfurt,Gibraltar,2025-05-28
247,Jennifer,Li,Female,2006-10-13,2020,BS Software Eng,Kevinmouth,Equatorial Guinea,2024-02-03
248,Jason,Smith,Male,1996-07-06,2019,BS Electrical,Lake Sandra,Niger,2025-10-18
249,Joshua,Pierce,Male,1999-07-26,2022,BS Mathematics,Pamelaborough,Vietnam,2024-03-25
250,Valerie,Brady,Female,2004-04-24,2020,BS Software Eng,Ralphhaven,Jordan,2024-01-22
251,Jamie,Nguyen,Female,1997-10-27,2020,BS Mathematics,East Nancystad,Korea,2024-12-07
252,Angela,Moore,Female,2000-04-12,2020,BS Electrical,Sandraton,Malawi,2024-08-20
253,Jennifer,Campbell,Female,2007-05-14,2023,BS Electrical,Suzannechester,Slovakia (Slovak Republic),2023-06-22
254,Jill,Johnson,Female,1999-07-19,2022,BS Software Eng,East Randy,Saint Pierre and Miquelon,2023-10-30
255,Cynthia,Alvarado,Female,1997-11-20,2021,BS Business,West Robert,Angola,2025-02-19
256,Keith,Jackson,Male,1997-05-19,2021,BS Business,East Kelsey,Tajikistan,2025-03-17
257,Charles,Parker,Male,2002-06-28,2020,BS Business,Teresafort,Guatemala,2024-03-20
258,Denise,Smith,Female,2007-04-03,2024,BS Electrical,Williamsview,Saudi Arabia,2020-03-19
259,John,Stewart,Male,2004-04-24,2022,BS Mathematics,Tinafurt,Norway,2023-03-31
260,Tiffany,Gutierrez,Female,1996-03-30,2024,BS Computer Science,Matthewbury,Montenegro,2021-11-16
261,Joan,Torres,Female,2007-12-16,2020,BS Mathematics,Donaldtown,Uganda,2024-08-28
262,Krista,Lee,Female,2005-06-19,2019,BS Business,East Jill,Switzerland,2025-09-25
263,Damon,Thornton,Male,1997-01-27,2021,BS Software Eng,Millershire,Belarus,2023-09-06
264,Amber,Adams,Female,2004-09-25,2019,BS Computer Science,West Barryside,Liberia,2025-10-19
265,Kimberly,Davis,Female,1999-02-25,2019,BS Business,Lake Patrick,Gabon,2025-02-06
266,Nathan,Allen,Male,2003-04-28,2024,BS Business,North Emily,Indonesia,2025-05-24
267,Michele,Caldwell,Female,2000-07-26,2024,BS Computer Science,Ramosville,Heard Island and McDonald Islands,2022-11-01
268,Curtis,Huerta,Male,2003-08-15,2022,BS Computer Science,Lake Breanna,Nigeria,2025-09-21
269,Nathaniel,Odom,Male,1996-05-16,2024,BS Software Eng,New Lisahaven,Uruguay,2025-01-15
270,Alexander,Hudson,Male,1999-12-24,2020,BS Mathematics,Gomezborough,United States Virgin Islands,2024-08-19
271,Alexander,Johnson,Male,2003-05-17,2021,BS Mathematics,South Amanda,Serbia,2023-01-01
272,Brenda,Monroe,Female,1996-09-15,2024,BS Electrical,Lake Cheryl,Uganda,2021-01-30
273,Kristin,Sloan,Female,2001-09-19,2022,BS Mathematics,Lake Thomasberg,Saint Martin,2023-08-09
274,Lorraine,Baker,Female,2003-06-13,2019,BS Mathematics,Lake Richardside,Serbia,2025-01-23
275,Jill,Young,Female,1997-10-02,2019,BS Business,Robertton,United States of America,2025-07-28
276,Jay,Calderon,Male,2000-07-23,2020,BS Mathematics,North Stevenborough,Djibouti,2025-07-18
277,Alicia,Howard,Female,2001-05-24,2023,BS Computer Science,Lake Patrickbury,American Samoa,2022-05-03
278,Randy,Casey,Male,2006-05-19,2022,BS Software Eng,South Laura,Botswana,2024-02-17
279,Thomas,Johnson,Male,1996-07-20,2024,BS Computer Science,Wagnerton,Somalia,2022-12-16
280,Travis,Compton,Male,2005-09-11,2020,BS Electrical,South Ralph,Georgia,2023-12-15
281,Savannah,Blair,Female,1996-01-15,2021,BS Electrical,Ashleybury,Saint Barthelemy,2023-10-08
282,Ashley,Shepherd,Female,2004-05-07,2024,BS Software Eng,Garzaburgh,Eritrea,2023-08-09
283,Kimberly,Griffin,Female,2007-06-06,2021,BS Business,Gomezbury,Slovakia (Slovak Republic),2025-01-08
284,Anita,Stanley,Female,1998-01-24,2022,BS Software Eng,Heidiland,Antarctica (the territory South of 60 deg S),2022-08-04
285,Francisco,Cline,Male,2000-05-26,2020,BS Business,East Christopher,Austria,2024-09-28
286,Hayley,Hutchinson,Female,2005-02-20,2021,BS Computer Science,Joneschester,Tuvalu,2024-12-16
287,Michael,Collins,Male,2001-05-10,2023,BS Mathematics,South Raymond,Liechtenstein,2023-06-18
288,Erica,Chapman,Female,2002-03-29,2022,BS Business,Taylortown,Central African Republic,2022-08-25
289,Stacie,Mills,Female,2002-08-14,2021,BS Mathematics,North Stacey,Monaco,2024-02-11
290,Christopher,Martinez,Male,2001-09-05,2019,BS Electrical,Thompsonburgh,United States Virgin Islands,2025-11-03
291,Jose,Hill,Male,2007-11-08,2022,BS Business,Thompsonstad,Faroe Islands,2021-12-15
292,Melanie,Bray,Female,2007-11-03,2019,BS Electrical,Kaylamouth,Madagascar,2024-11-20
293,Andrew,Miller,Male,1996-11-13,2020,BS Electrical,Davidhaven,Honduras,2023-11-26
294,Sheila,Wolfe,Female,1996-01-15,2023,BS Electrical,New Richard,Timor-Leste,2024-01-31
295,Amy,Price,Female,2003-10-16,2024,BS Computer Science,Karlafort,Guatemala,2023-01-18
296,Sherri,Salazar,Female,2001-02-08,2020,BS Business,West Elizabeth,United Arab Emirates,2025-03-30
297,Darren,Hall,Male,2003-12-01,2024,BS Business,New Austin,Myanmar,2023-07-19
298,Rebekah,Parrish,Female,2004-03-23,2021,BS Computer Science,Lake Kellyfurt,Saint Helena,2024-03-23
299,David,Harrison,Male,2006-08-05,2022,BS Electrical,West Kathryn,Sri Lanka,2024-03-18
300,Jeremy,Ramirez,Male,2005-12-26,2019,BS Mathematics,North Bruce,Samoa,2025-10-20
301,Leonard,Lopez,Male,1998-03-21,2021,BS Electrical,Devontown,Guinea,2025-10-16
302,Connor,Brown,Male,2005-11-23,2022,BS Mathematics,Aprilton,Falkland Islands (Malvinas),2022-08-28
303,Reginald,Armstrong,Male,2003-01-26,2019,BS Software Eng,Meyerborough,Philippines,2024-11-20
304,Nancy,Miller,Female,2005-08-12,2020,BS Software Eng,Jamesstad,Timor-Leste,2023-11-18
305,Elizabeth,Osborn,Female,2004-11-26,2019,BS Software Eng,North Cristinaview,Bermuda,2025-01-11
306,Joshua,Brown,Male,1996-03-18,2020,BS Mathematics,Port Gabriella,Vanuatu,2023-12-15
307,Stephanie,Dixon,Female,1996-11-04,2022,BS Computer Science,Lake Edwardstad,Jersey,2022-07-18
308,Shannon,Holloway,Female,1999-09-18,2024,BS Software Eng,Robertostad,United States Virgin Islands,2023-08-20
309,Linda,Martinez,Female,2001-01-10,2024,BS Electrical,Port Christopherton,Turkmenistan,2022-12-13
310,Julie,Potter,Female,2001-07-07,2019,BS Software Eng,Audreychester,Palau,2025-01-05
311,David,Watkins,Male,2003-07-29,2022,BS Electrical,Lake Davidhaven,Sweden,2023-01-25
312,Melinda,Richardson,Female,1997-01-05,2023,BS Business,Latoyaburgh,Chile,2025-01-10
313,Mary,Martinez,Female,2008-01-28,2023,BS Computer Science,West Yvonne,Belgium,2023-10-21
314,Elizabeth,Williams,Female,2007-07-24,2020,BS Mathematics,Isabellastad,Thailand,2025-05-28
315,Michael,Franklin,Male,2005-04-21,2022,BS Electrical,North Roy,Timor-Leste,2022-11-10
316,Tammie,Stephens,Female,2005-11-08,2019,BS Mathematics,Edwardsview,Afghanistan,2025-05-22
317,Elizabeth,Francis,Female,1997-03-20,2019,BS Business,East Katiemouth,Japan,2025-05-12
318,Susan,Perkins,Female,1999-02-03,2020,BS Electrical,Lake Robert,Singapore,2024-10-22
319,Deborah,Summers,Female,2005-02-28,2021,BS Software Eng,Evansstad,Cayman Islands,2024-10-27
320,Morgan,Middleton,Female,2002-05-01,2024,BS Electrical,Medinaside,Cambodia,2024-06-15
321,Penny,King,Female,2005-06-06,2024,BS Electrical,Peterfort,Taiwan,2025-08-06
322,Ian,Henry,Male,2005-08-22,2019,BS Software Eng,Robinport,Belize,2025-03-28
323,Angelica,Thompson,Female,2000-04-21,2023,BS Mathematics,Lake Shannonborough,Pakistan,2021-04-25
324,Matthew,Klein,Male,2005-11-17,2019,BS Mathematics,Matthewton,Vanuatu,2025-02-20
325,Angela,Yoder,Female,1998-04-01,2022,BS Computer Science,South Eric,Gambia,2025-08-12
326,John,Austin,Male,2004-10-30,2022,BS Computer Science,Chambersfurt,Mauritania,2025-07-24
327,Bonnie,Sanchez,Female,1996-11-22,2019,BS Mathematics,New Jamesfurt,Rwanda,2025-03-25
328,Timothy,Ford,Male,2006-10-21,2021,BS Mathematics,Erinberg,Uruguay,2023-01-22
329,Karen,Farrell,Female,2002-05-17,2020,BS Electrical,Burnsview,Anguilla,2023-12-01
330,Duane,Bell,Male,2000-06-12,2019,BS Mathematics,South Diane,Puerto Rico,2025-02-06
331,Gerald,Wang,Male,2000-01-23,2019,BS Computer Science,Nguyenstad,Sri Lanka,2025-05-31
332,Elizabeth,Russo,Female,1996-05-16,2023,BS Computer Science,Greenland,Martinique,2021-10-02
333,Calvin,Vazquez,Male,2003-09-09,2019,BS Software Eng,Lake Joshuaborough,Turkey,2025-08-09
334,Yolanda,Gaines,Female,1996-04-30,2022,BS Software Eng,North Christina,China,2024-02-05
335,Kevin,David,Male,2003-09-23,2019,BS Mathematics,Martinberg,Niger,2025-03-06
336,Robert,Payne,Male,2001-01-28,2021,BS Computer Science,West Andrea,Tajikistan,2023-08-12
337,Carolyn,Hernandez,Female,2002-06-01,2020,BS Software Eng,Lindsaystad,Russian Federation,2024-07-24
338,Brett,Perez,Male,2006-07-06,2023,BS Electrical,Contreraschester,Guyana,2023-07-09
339,Cheyenne,Cochran,Female,1996-06-06,2022,BS Mathematics,Ramirezmouth,Bermuda,2022-05-30
340,Jesus,Oconnor,Male,2006-12-01,2024,BS Business,Littleberg,Egypt,2025-06-27
341,Brittany,Griffin,Female,2001-11-29,2022,BS Mathematics,Lake Jon,Congo,2025-09-25
342,April,Grimes,Female,1997-11-21,2020,BS Electrical,Lake Suzannebury,Tunisia,2024-06-19
343,Colleen,Rios,Female,2006-12-10,2021,BS Electrical,East Juanberg,Iraq,2024-03-12
344,Christopher,Williams,Male,2000-11-20,2024,BS Mathematics,Christinaton,Cameroon,2020-06-13
345,Vicki,Smith,Female,2007-09-25,2024,BS Electrical,Rodriguezbury,Jamaica,2022-05-11
346,Brenda,Phillips,Female,1998-12-24,2019,BS Mathematics,Loritown,French Polynesia,2024-11-09
347,Christina,Jones,Female,1999-10-16,2020,BS Electrical,East Maria,Slovakia (Slovak Republic),2024-10-18
348,Daniel,Diaz,Male,2002-07-31,2019,BS Software Eng,Clarkeshire,Turkmenistan,2025-10-23
349,Thomas,Simon,Male,1996-03-11,2019,BS Software Eng,Castromouth,Mozambique,2025-06-22
350,Hannah,Davis,Female,1996-02-09,2023,BS Electrical,Barbaraside,Austria,2023-09-07
351,John,Martinez,Male,2007-11-01,2021,BS Electrical,North Zacharyburgh,Brazil,2024-08-21
352,Jennifer,Jackson,Female,2004-05-13,2021,BS Mathematics,Petersmouth,Bhutan,2023-04-20
353,Frank,Daugherty,Male,2006-08-23,2021,BS Computer Science,Beststad,Bouvet Island (Bouvetoya),2025-10-19
354,Jeremy,Smith,Male,1996-03-03,2020,BS Business,East Amy,France,2025-10-14
355,Denise,Henry,Female,1996-06-05,2020,BS Business,Lisaport,Ukraine,2024-01-22
356,Michelle,Bradley,Female,2002-04-06,2021,BS Business,South Meganchester,Cook Islands,2023-06-15
357,Dominic,Edwards,Male,1998-10-12,2023,BS Software Eng,Robinsonfort,Guadeloupe,2022-03-30
358,Kevin,Rangel,Male,2000-06-23,2021,BS Business,Robertport,French Polynesia,2025-10-22
359,Brooke,Bennett,Female,2001-09-20,2021,BS Electrical,Ballardfurt,Barbados,2023-10-16
360,Joe,Garcia,Male,2004-06-12,2020,BS Computer Science,Lake Jane,Niue,2024-11-07
361,Matthew,Miranda,Male,1998-04-23,2020,BS Software Eng,New Courtney,United States Virgin Islands,2025-01-21
362,John,Murray,Male,2004-05-29,2022,BS Electrical,Saraborough,Guam,2023-02-04
363,Ricky,Brooks,Male,2007-01-07,2020,BS Business,Natashachester,Trinidad and Tobago,2024-03-01
364,Amanda,Porter,Female,2001-06-04,2023,BS Computer Science,North Thomas,French Guiana,2025-10-19
365,Ethan,Thomas,Male,2001-01-03,2020,BS Electrical,West Amy,Rwanda,2024-01-24
366,James,Black,Male,2001-07-01,2024,BS Software Eng,Port Keith,Uganda,2021-11-24
367,Jose,Craig,Male,2003-10-13,2020,BS Business,South Lauraborough,Chile,2024-09-21
368,Connie,Griffith,Female,2005-11-18,2020,BS Electrical,Lake Brenda,Argentina,2025-04-21
369,Cassandra,Smith,Female,2002-10-29,2022,BS Software Eng,Schultzfort,Mayotte,2022-05-04
370,Annette,Montgomery,Female,2002-12-05,2019,BS Software Eng,East Jamesbury,Algeria,2025-07-04
371,Donna,Robinson,Female,2007-09-09,2022,BS Electrical,Port Justin,Western Sahara,2024-04-10
372,Joann,Crawford,Female,2001-05-01,2023,BS Business,Stacyfort,Argentina,2023-08-14
373,David,Conway,Male,1998-09-11,2023,BS Electrical,South Brandon,United Kingdom,2021-08-25
374,Sierra,Edwards,Female,1999-01-11,2020,BS Computer Science,East Rachelview,Sierra Leone,2025-04-02
375,Daniel,Rodriguez,Male,2006-06-01,2022,BS Business,Lake Judy,Russian Federation,2022-08-22
376,Tanya,Wilson,Female,2001-10-23,2021,BS Business,Jessicamouth,Yemen,2023-04-22
377,Andrea,Schultz,Female,2008-07-02,2019,BS Business,Port Kevin,Norway,2025-06-05
378,Holly,Hamilton,Female,1995-11-12,2019,BS Computer Science,South Justin,Ukraine,2024-12-09
379,Shelly,Rojas,Female,2007-06-02,2023,BS Electrical,East Kelli,Croatia,2025-09-06
380,Krista,Fuller,Female,2003-04-09,2024,BS Software Eng,New Douglasland,Nicaragua,2020-11-09
381,Christine,Hall,Female,2007-03-16,2020,BS Electrical,South Mirandafurt,Reunion,2025-05-09
382,Hector,Wright,Male,2002-02-20,2023,BS Business,Padillaport,Botswana,2020-12-24
383,Jonathan,Williams,Male,2005-03-15,2020,BS Business,New Arthurside,Botswana,2025-04-16
384,Regina,Munoz,Female,2007-10-30,2019,BS Mathematics,Wallville,Malawi,2024-11-30
385,Brian,Vasquez,Male,2004-05-21,2020,BS Mathematics,Hernandezmouth,Saint Pierre and Miquelon,2024-01-25
386,Kristen,Lambert,Female,2007-03-21,2019,BS Electrical,New Andrew,South Georgia and the South Sandwich Islands,2025-06-21
387,William,Jordan,Male,2000-08-07,2024,BS Business,Benjaminton,Sierra Leone,2024-12-26
388,Michael,Miller,Male,2007-07-09,2020,BS Mathematics,Lesliemouth,Armenia,2023-12-14
389,Phillip,Barrett,Male,2000-09-23,2023,BS Software Eng,Morganton,Honduras,2024-11-26
390,Amy,Wilson,Female,2001-10-24,2021,BS Electrical,Pittsport,Myanmar,2024-09-04
391,Brenda,Bryant,Female,2008-07-20,2021,BS Software Eng,Whiteheadhaven,Montenegro,2023-02-12
392,Brian,Shaffer,Male,2007-09-07,2023,BS Mathematics,North Tylerbury,Saint Martin,2021-04-27
393,Chloe,Carter,Female,2001-08-14,2022,BS Business,Lake Anthony,Iran,2025-07-21
394,Caleb,Keith,Male,2006-05-26,2022,BS Software Eng,Coopershire,Slovenia,2025-05-21
395,Melissa,Lutz,Female,1998-11-24,2022,BS Mathematics,Zacharyport,Netherlands Antilles,2025-04-25
396,Donald,Smith,Male,1996-12-23,2022,BS Mathematics,Port Collinchester,Puerto Rico,2023-02-16
397,Desiree,Simpson,Female,1997-08-09,2024,BS Business,New Kathleen,Greece,2021-03-10
398,Sean,Moore,Male,2002-01-17,2020,BS Mathematics,Margaretview,Mozambique,2025-03-14
399,James,Boyd,Male,2005-02-24,2024,BS Mathematics,New Stephaniemouth,Botswana,2021-04-04
400,Maria,Beck,Female,2000-04-18,2021,BS Mathematics,Mullinsshire,Ghana,2024-08-13
401,Jennifer,Moreno,Female,2002-06-07,2022,BS Business,Mcintyreshire,Pakistan,2025-06-04
402,Roberta,Yu,Female,2008-05-25,2022,BS Electrical,Brayshire,Kiribati,2022-12-31
403,Tanya,Pearson,Female,1999-03-12,2024,BS Software Eng,New Jason,Isle of Man,2020-02-14
404,Glenn,Kennedy,Male,2006-02-24,2024,BS Mathematics,Burkeside,Sweden,2021-12-31
405,Michael,Jackson,Male,1995-11-10,2024,BS Mathematics,East Kevin,Mayotte,2020-12-02
406,Becky,Johnson,Female,1998-08-18,2020,BS Computer Science,Maryburgh,Iran,2024-05-05
407,Jessica,Ortiz,Female,2006-03-17,2024,BS Computer Science,North Frank,Canada,2023-10-28
408,Crystal,Petty,Female,2000-03-08,2022,BS Business,Lake Robertbury,Estonia,2022-03-03
409,Joyce,Gonzalez,Female,2006-10-26,2021,BS Software Eng,New Mathewville,French Polynesia,2023-09-10
410,Samantha,Wagner,Female,2004-12-23,2019,BS Computer Science,Elizabethborough,Samoa,2025-05-07
411,Pamela,Williams,Female,1997-10-20,2023,BS Computer Science,Lake Denisemouth,Malaysia,2021-04-10
412,Mallory,Henderson,Female,2007-10-20,2021,BS Electrical,Tonyafort,Morocco,2024-02-26
413,Rachel,Perez,Female,1997-04-23,2024,BS Mathematics,Cherylstad,Sao Tome and Principe,2024-08-05
414,Steven,Hughes,Male,1999-03-09,2022,BS Business,Port Hector,Russian Federation,2024-11-22
415,John,Lucas,Male,1998-12-27,2020,BS Business,Johnville,Belgium,2024-10-05
416,Chloe,Aguilar,Female,2006-05-29,2020,BS Electrical,West Christopher,Belize,2024-10-23
417,Aaron,White,Male,2003-12-25,2023,BS Business,West Peterbury,Somalia,2024-12-07
418,Bryan,Solomon,Male,1997-09-05,2023,BS Business,Jenniferbury,Serbia,2022-03-31
419,Nathaniel,Walters,Male,1998-04-12,2022,BS Mathematics,South Brandihaven,Monaco,2022-11-10
420,William,Parker,Male,1996-06-07,2023,BS Computer Science,South Ericview,Rwanda,2025-09-01
421,Brandy,Galvan,Female,2003-05-24,2019,BS Computer Science,Guzmanmouth,Philippines,2025-10-20
422,Sarah,Brown,Female,2001-03-24,2021,BS Computer Science,Port Laurie,Norfolk Island,2023-02-03
423,Seth,Wright,Male,2001-11-20,2024,BS Business,South Jennifer,Palestinian Territory,2023-01-28
424,Sophia,Cooper,Female,2006-01-23,2019,BS Business,West Josephbury,Venezuela,2025-07-03
425,Todd,Reynolds,Male,1999-12-19,2024,BS Computer Science,Christopherfort,Nauru,2022-04-14
426,Jesse,Douglas,Male,1997-03-25,2022,BS Computer Science,Lake Brandon,Antarctica (the territory South of 60 deg S),2021-12-10
427,Joseph,Warren,Male,2004-07-24,2021,BS Software Eng,South Markburgh,Poland,2023-03-02
428,Rhonda,Harrington,Female,1999-03-28,2020,BS Mathematics,Port Steven,Tuvalu,2025-04-24
429,Brianna,Carter,Female,2001-03-06,2019,BS Electrical,Port Robert,Iraq,2024-11-23
430,Cindy,Smith,Female,1995-12-22,2020,BS Business,Rhondachester,Ghana,2024-06-16
431,Donald,Norman,Male,2008-07-09,2021,BS Software Eng,Carterbury,Kenya,2024-06-28
432,Morgan,Davis,Female,1996-08-24,2019,BS Software Eng,West Nicoleside,Congo,2024-12-12
433,Joel,Oconnor,Male,2008-09-19,2020,BS Software Eng,Kimmouth,Burundi,2024-04-16
434,Zachary,Smith,Male,1999-11-20,2023,BS Business,Priscillatown,Mexico,2025-02-21
435,Mackenzie,Coffey,Female,2003-11-16,2020,BS Electrical,Josephmouth,Saint Helena,2023-12-31
436,Susan,Robbins,Female,2007-02-05,2019,BS Business,Smithville,Niue,2025-08-23
437,Virginia,Williams,Female,1998-11-21,2024,BS Computer Science,Jeffreyberg,United Arab Emirates,2022-09-27
438,Kurt,Turner,Male,2006-11-02,2023,BS Business,Melindaview,United Kingdom,2024-05-31
439,Margaret,Ross,Female,1998-07-02,2022,BS Software Eng,Weaverberg,Netherlands,2022-07-31
440,Sandra,Roberts,Female,2001-04-04,2023,BS Business,Thompsontown,Sri Lanka,2024-08-11
441,Elizabeth,Williams,Female,2005-04-16,2021,BS Electrical,Lake Stephanie,Guinea,2022-12-02
442,Diana,Glover,Female,2004-03-29,2019,BS Electrical,Maryhaven,Mali,2024-12-31
443,Tara,Banks,Female,2005-11-28,2023,BS Software Eng,West Christiehaven,Gambia,2020-12-22
444,Diana,Schneider,Female,2003-04-18,2019,BS Computer Science,Lisashire,Andorra,2025-02-07
445,Joshua,Chavez,Male,2004-03-11,2021,BS Computer Science,Andersonmouth,Israel,2022-11-22
446,Helen,Sanchez,Female,1996-12-12,2022,BS Software Eng,Davenportside,Mexico,2023-01-11
447,Laura,Johnson,Female,1996-08-23,2023,BS Business,Heatherbury,United States Minor Outlying Islands,2021-10-03
448,Matthew,Owens,Male,2005-09-30,2024,BS Electrical,North Josephview,Kyrgyz Republic,2022-06-12
449,Nathan,Horton,Male,2004-03-07,2021,BS Computer Science,West Monica,Ethiopia,2025-09-01
450,Alexandra,Hale,Female,2006-07-25,2020,BS Software Eng,New Lauramouth,Malta,2024-07-29
451,Penny,Brown,Female,2003-08-23,2024,BS Electrical,Port Paul,Ghana,2022-07-29
452,Nicholas,Johnson,Male,2004-03-14,2024,BS Business,Port Lisa,Germany,2020-08-18
453,Christie,Diaz,Female,2000-07-30,2019,BS Business,Anthonyshire,Russian Federation,2025-01-22
454,Jasmine,Osborn,Female,2000-11-24,2021,BS Business,New Jessica,Uganda,2025-08-01
455,Michael,Smith,Male,1998-02-24,2023,BS Software Eng,New Josephborough,Grenada,2023-05-05
456,Robert,Austin,Male,2006-02-04,2023,BS Business,New Diane,Kazakhstan,2022-12-30
457,Lisa,Henderson,Female,2008-07-01,2020,BS Electrical,Ambershire,Solomon Islands,2024-09-29
458,Barbara,Miller,Female,2001-01-02,2022,BS Electrical,South Johnbury,United States Minor Outlying Islands,2024-02-16
459,Amanda,Thomas,Female,1998-10-18,2019,BS Business,New Sarah,South Africa,2025-11-07
460,Jeffrey,Jimenez,Male,1996-07-05,2021,BS Software Eng,East Jasonhaven,Niger,2025-10-04
461,Tyler,Duran,Male,1996-12-07,2024,BS Electrical,Bonnietown,Finland,2023-07-05
462,Bruce,Fisher,Male,2001-06-20,2021,BS Business,New Billychester,Fiji,2024-05-07
463,Aaron,Smith,Male,2001-12-25,2022,BS Computer Science,Port Kimberly,Jordan,2023-07-15
464,Amy,Kirk,Female,2004-08-14,2023,BS Electrical,Taylorburgh,Morocco,2024-07-19
465,Christopher,Wilson,Male,2008-10-01,2020,BS Business,Fordstad,Cuba,2024-12-19
466,Justin,Bean,Male,2002-06-25,2022,BS Software Eng,New Jacobbury,Hungary,2024-08-31
467,Gregory,Jackson,Male,2007-09-11,2020,BS Software Eng,Scottmouth,Rwanda,2024-12-07
468,Donald,Richards,Male,2008-10-10,2019,BS Mathematics,Jamesstad,Russian Federation,2025-07-16
469,Ronnie,Walker,Male,2006-12-09,2021,BS Electrical,Leemouth,Guinea-Bissau,2024-06-28
470,Lindsay,Ray,Female,1999-04-22,2019,BS Business,East John,Nigeria,2025-02-21
471,Luke,Bailey,Male,1998-07-12,2021,BS Software Eng,Allenside,Saint Barthelemy,2023-06-24
472,Miguel,Melton,Male,2007-09-03,2020,BS Electrical,Kevinbury,Belgium,2024-06-02
473,John,Gonzalez,Male,2003-05-08,2022,BS Mathematics,Caitlinmouth,Estonia,2023-07-09
474,Henry,Evans,Male,2007-03-02,2022,BS Computer Science,East Heather,United States Virgin Islands,2025-03-03
475,Maria,Thomas,Female,2000-01-12,2024,BS Mathematics,Brightville,Turks and Caicos Islands,2025-05-12
476,David,Cox,Male,2002-08-22,2022,BS Software Eng,New James,Greece,2023-04-10
477,Kristina,Snyder,Female,2006-02-06,2023,BS Computer Science,Smithshire,Mayotte,2025-01-10
478,Amy,Carrillo,Female,2004-04-01,2019,BS Electrical,West Donchester,Luxembourg,2025-05-09
479,Maria,Jones,Female,2006-09-23,2024,BS Business,Hansenton,Turks and Caicos Islands,2025-07-30
480,Luis,Aguilar,Male,2004-11-19,2019,BS Computer Science,New Carol,Barbados,2025-04-21
481,Peter,Gibbs,Male,1996-01-26,2020,BS Business,Lake Matthew,Bangladesh,2023-12-17
482,Brandon,Potts,Male,2007-04-24,2019,BS Mathematics,Danielfort,Namibia,2025-04-22
483,Nicole,Beck,Female,1998-12-31,2021,BS Mathematics,South Anthony,Albania,2024-12-20
484,Christopher,Payne,Male,1996-10-25,2021,BS Mathematics,Vegaberg,Kyrgyz Republic,2025-01-26
485,Jeffrey,Francis,Male,2006-03-19,2021,BS Electrical,Kinghaven,Serbia,2023-11-14
486,Ashley,Williamson,Female,2000-03-16,2022,BS Mathematics,Lake Brandon,Andorra,2025-03-08
487,Jose,Miller,Male,1997-05-19,2024,BS Computer Science,Barbaraport,Wallis and Futuna,2024-02-01
488,Derrick,Wells,Male,2008-01-06,2020,BS Software Eng,Owensville,Austria,2025-07-29
489,Dwayne,Mcdonald,Male,2006-04-03,2021,BS Electrical,Robertton,Costa Rica,2023-05-07
490,Derek,Cochran,Male,2007-01-10,2020,BS Computer Science,Martinfort,Rwanda,2025-03-15
491,Robert,Dixon,Male,1998-07-30,2019,BS Electrical,Ronaldtown,Turks and Caicos Islands,2025-01-02
492,Patrick,Adams,Male,2001-05-07,2021,BS Electrical,Elizabethview,Moldova,2025-09-30
493,Laura,Watson,Female,2007-09-07,2021,BS Business,Lake Alanberg,Philippines,2023-02-05
494,Daniel,Richardson,Male,2006-01-27,2020,BS Electrical,Lake Kim,Seychelles,2025-08-27
495,James,Lewis,Male,2004-10-04,2019,BS Software Eng,Joannaport,Guyana,2025-05-09
496,Gerald,Jennings,Male,1999-02-05,2024,BS Electrical,Mcintyreport,Moldova,2021-10-01
497,Katelyn,Taylor,Female,1996-11-10,2022,BS Business,East Michaelstad,Moldova,2023-06-13
498,Tony,Garcia,Male,2003-02-03,2024,BS Business,Lake Matthewton,Azerbaijan,2023-08-05
499,Kelly,Russell,Female,2005-12-31,2019,BS Computer Science,North Williamland,South Georgia and the South Sandwich Islands,2025-05-22
500,Chad,Russo,Male,2002-02-22,2019,BS Mathematics,North George,Saudi Arabia,2025-04-18
501,Lauren,Nguyen,Female,1998-11-26,2020,BS Mathematics,Christopherside,Guatemala,2024-12-31
502,Alan,Colon,Male,1998-09-30,2020,BS Business,North Jonathan,Trinidad and Tobago,2025-05-01
503,Amy,Dunn,Female,1996-02-29,2020,BS Computer Science,Nancystad,Algeria,2024-07-17
504,Alyssa,Reed,Female,1997-09-22,2021,BS Software Eng,West Jocelynfurt,Iceland,2025-10-12
505,Carlos,Carter,Male,2007-12-04,2019,BS Electrical,Deannaburgh,Rwanda,2025-03-15
506,Jacqueline,Garcia,Female,2004-11-22,2019,BS Electrical,Rachelchester,Brunei Darussalam,2025-01-11
507,Michelle,Wells,Female,2006-03-07,2019,BS Mathematics,West Johnny,Rwanda,2025-08-02
508,Kristina,Stephens,Female,2004-10-06,2020,BS Mathematics,Port Scottberg,Puerto Rico,2025-07-17
509,Heather,Frank,Female,1997-07-11,2021,BS Mathematics,Jamieborough,Wallis and Futuna,2024-01-20
510,Christopher,James,Male,2003-08-31,2020,BS Mathematics,East Andrew,Benin,2025-02-07
511,Matthew,Rodriguez,Male,2003-03-13,2020,BS Electrical,Aarontown,Romania,2025-04-09
512,Monica,Price,Female,2003-11-15,2020,BS Business,Waltersshire,Mongolia,2024-04-27
513,Patricia,Thompson,Female,2003-04-14,2019,BS Computer Science,Colemantown,Guatemala,2025-10-12
514,Christopher,Carter,Male,1996-08-30,2021,BS Electrical,Derekland,Croatia,2025-01-30
515,Taylor,Hayes,Female,2004-09-10,2021,BS Electrical,Zacharymouth,Morocco,2025-04-26
516,Thomas,Martinez,Male,2004-07-25,2019,BS Mathematics,Knightland,Mauritania,2025-03-10
517,Elizabeth,Bryan,Female,2006-04-06,2024,BS Software Eng,Shannonside,United Kingdom,2024-01-11
518,Mary,Bailey,Female,1999-06-17,2021,BS Business,Cobbburgh,Thailand,2023-06-17
519,Nancy,Morris,Female,2001-06-14,2022,BS Electrical,Christopherfort,Tajikistan,2022-12-14
520,John,Williams,Male,2006-05-27,2021,BS Mathematics,Millerton,Swaziland,2023-05-21
521,James,Phillips,Male,2007-12-30,2020,BS Computer Science,Taylorborough,Solomon Islands,2025-05-27
522,Renee,Good,Female,2007-04-27,2019,BS Business,Port Donnahaven,Cape Verde,2025-08-17
523,Richard,Wells,Male,2000-05-22,2019,BS Software Eng,Williamsbury,Libyan Arab Jamahiriya,2025-08-27
524,Kelly,Thomas,Female,2004-09-21,2022,BS Software Eng,Cervantestown,Equatorial Guinea,2022-12-15
525,Deanna,Barnes,Female,2004-02-13,2024,BS Mathematics,Valentinebury,Austria,2020-12-12
526,Lisa,Rodriguez,Female,2002-12-09,2020,BS Electrical,Johnsonside,Kazakhstan,2025-02-21
527,Dawn,Osborne,Female,2003-12-08,2023,BS Software Eng,Meganmouth,French Guiana,2021-05-17
528,Joseph,Wilson,Male,2002-09-27,2022,BS Electrical,Sarahmouth,Kuwait,2024-11-15
529,Rodney,Stevens,Male,2000-07-29,2022,BS Mathematics,New Dianeside,Pakistan,2024-04-09
530,Kenneth,Martin,Male,1998-05-28,2024,BS Computer Science,Colleenville,Saint Vincent and the Grenadines,2025-01-15
531,Michael,Hobbs,Male,2005-02-15,2019,BS Electrical,East Susan,Sudan,2025-10-01
532,Jessica,Rubio,Female,2000-01-02,2024,BS Computer Science,East Joseph,British Indian Ocean Territory (Chagos Archipelago),2023-04-24
533,Kyle,Payne,Male,2000-07-11,2021,BS Software Eng,Amberhaven,Malawi,2024-09-12
534,Philip,Bowen,Male,2001-03-07,2019,BS Electrical,Port Sean,China,2025-09-09
535,Carlos,Larsen,Male,2004-04-07,2023,BS Computer Science,Janetbury,Honduras,2025-01-05
536,Anthony,Miller,Male,2007-04-19,2020,BS Computer Science,West Juanside,Argentina,2023-11-26
537,Brandon,Collins,Male,2001-02-19,2019,BS Computer Science,Romanmouth,Grenada,2025-05-13
538,Holly,Clark,Female,2002-06-22,2023,BS Computer Science,South Crystalside,Togo,2022-04-14
539,Valerie,Lucas,Female,1996-02-16,2021,BS Software Eng,East Coreyhaven,Cayman Islands,2024-10-29
540,David,Adams,Male,2004-07-23,2024,BS Computer Science,Port Melanie,Indonesia,2020-12-07
541,Seth,Barry,Male,1998-06-25,2024,BS Business,Lake Tylerton,Singapore,2024-10-02
542,Anthony,Pena,Male,2005-09-26,2022,BS Software Eng,North Meganland,Monaco,2023-06-09
543,Alicia,Gomez,Female,2007-03-17,2023,BS Electrical,Stephenville,Iceland,2023-08-24
544,Nicholas,Flynn,Male,2004-05-27,2024,BS Electrical,Thomaschester,Grenada,2025-05-11
545,Anne,Cervantes,Female,2007-06-24,2024,BS Electrical,Kristinchester,New Zealand,2024-03-04
546,Anna,Villanueva,Female,2005-07-27,2023,BS Computer Science,North Kimberlyton,Heard Island and McDonald Islands,2023-10-08
547,Bobby,Khan,Male,2003-03-16,2022,BS Electrical,Torresfurt,Taiwan,2024-05-17
548,Richard,Baker,Male,1999-12-04,2021,BS Mathematics,North James,Bahamas,2025-02-27
549,Jennifer,Hill,Female,1997-03-27,2022,BS Software Eng,West Lindaville,Aruba,2022-08-21
550,Lisa,Woods,Female,2000-04-28,2022,BS Software Eng,Port Katelynview,Yemen,2025-03-22
551,Nicole,Williams,Female,2000-06-18,2019,BS Electrical,Danielhaven,Philippines,2024-12-29
552,Michael,Riddle,Male,2000-02-10,2021,BS Software Eng,Lake Jefferyburgh,Zimbabwe,2025-07-23
553,Wyatt,Escobar,Male,2000-02-27,2020,BS Business,South Louis,Yemen,2024-03-29
554,Alyssa,Archer,Female,2005-03-24,2023,BS Computer Science,West Amandaburgh,Latvia,2021-08-03
555,Jennifer,Hayes,Female,2006-10-31,2020,BS Business,Erikberg,Mongolia,2025-07-26
556,Jeffery,Cooper,Male,2001-12-12,2024,BS Electrical,North Laura,Bhutan,2021-07-03
557,Stephanie,Gross,Female,2002-11-12,2022,BS Business,Farmerberg,Niger,2023-06-21
558,Michael,Martin,Male,2001-03-11,2021,BS Mathematics,East Jessefort,United Kingdom,2024-02-28
559,Brandi,Tucker,Female,1997-07-28,2020,BS Computer Science,East Debraview,Paraguay,2024-12-26
560,Nicole,Rich,Female,2005-02-01,2019,BS Software Eng,Lake Kathleen,Dominican Republic,2025-08-27
561,Michelle,Hurst,Female,2001-03-26,2019,BS Business,Davisfurt,Zambia,2025-04-23
562,Alicia,Wood,Female,2007-12-31,2019,BS Software Eng,Scottbury,Libyan Arab Jamahiriya,2024-11-16
563,Kathryn,Johnson,Female,2006-02-16,2024,BS Computer Science,Port Corybury,Falkland Islands (Malvinas),2022-04-02
564,Drew,Daniels,Male,2002-08-16,2022,BS Computer Science,East Sara,Mauritius,2024-01-06
565,Marie,Ortega,Female,2000-07-10,2020,BS Business,East Lindsey,Qatar,2025-06-05
566,Courtney,Smith,Female,2000-09-05,2024,BS Computer Science,New Charlene,Kuwait,2025-02-23
567,Nicole,Clements,Female,1997-08-14,2021,BS Business,Riveratown,Mongolia,2023-06-02
568,Victoria,Scott,Female,2001-10-08,2023,BS Electrical,Lucasburgh,Australia,2022-10-20
569,Jasmine,Nicholson,Female,2001-01-17,2022,BS Software Eng,Copelandtown,Paraguay,2024-06-27
570,Vanessa,Bailey,Female,1997-10-27,2022,BS Mathematics,East Janice,Rwanda,2023-05-12
571,Julie,Bailey,Female,1996-06-02,2021,BS Computer Science,Maciasland,Saint Helena,2025-03-20
572,Jaime,Carter,Male,2001-08-10,2024,BS Mathematics,North Laurenbury,Benin,2021-02-10
573,Denise,Lane,Female,2002-07-01,2022,BS Electrical,Port Mathew,Indonesia,2024-03-02
574,Timothy,Fox,Male,1998-07-03,2020,BS Software Eng,Stewartville,Tokelau,2025-10-23
575,Jeffrey,Fuller,Male,1997-10-05,2021,BS Software Eng,South Robert,Tajikistan,2025-10-24
576,Jessica,Bond,Female,1998-04-20,2022,BS Business,Hoganland,Guinea,2023-01-13
577,Renee,Marks,Female,2002-09-14,2022,BS Mathematics,Julieborough,Denmark,2024-08-01
578,Carrie,Daniels,Female,1999-05-21,2023,BS Software Eng,West Zoe,Kuwait,2021-08-05
579,Sara,Bishop,Female,2006-09-12,2024,BS Software Eng,Port Michaelborough,Portugal,2024-07-22
580,Christopher,Smith,Male,1998-07-29,2020,BS Software Eng,Michaelachester,Iceland,2025-05-18
581,Daniel,Rowland,Male,2006-07-25,2021,BS Business,West Caitlintown,Cyprus,2025-05-22
582,Ashley,Garcia,Female,2005-05-23,2024,BS Mathematics,South Daniel,Spain,2024-01-08
583,James,Jones,Male,2000-11-05,2021,BS Business,East Elizabeth,Faroe Islands,2025-04-16
584,Karen,Flores,Female,2000-12-04,2019,BS Mathematics,Port Alex,Puerto Rico,2025-05-13
585,Mark,Davis,Male,2008-10-16,2021,BS Electrical,New Bryanton,Central African Republic,2025-04-19
586,Christina,Noble,Female,2004-07-11,2024,BS Software Eng,Port Vincentchester,Sri Lanka,2024-12-22
587,James,Thomas,Male,2003-07-25,2024,BS Software Eng,West Hayley,Guadeloupe,2022-11-11
588,Phillip,Whitehead,Male,2005-05-12,2022,BS Mathematics,Lake Richard,Madagascar,2023-03-02
589,Margaret,Hill,Female,2006-11-26,2020,BS Mathematics,Lake Aprilburgh,Northern Mariana Islands,2024-02-09
590,Emily,Marquez,Female,1998-08-28,2021,BS Software Eng,Perkinsville,Zambia,2024-07-31
591,Robert,Smith,Male,2000-05-18,2020,BS Mathematics,West Wesleyville,Indonesia,2024-12-16
592,Mike,Acevedo,Male,2008-08-09,2021,BS Business,Lake Fred,Timor-Leste,2024-03-30
593,Bianca,Gutierrez,Female,2003-10-09,2022,BS Electrical,North Malikborough,British Indian Ocean Territory (Chagos Archipelago),2025-08-10
594,Brandon,Palmer,Male,1999-01-31,2024,BS Computer Science,Heiditon,Timor-Leste,2022-02-19
595,Crystal,Palmer,Female,2005-01-29,2023,BS Business,Port Nicole,Slovenia,2023-04-27
596,Ashley,Fernandez,Female,2005-01-30,2021,BS Business,Port Lori,Bulgaria,2023-10-09
597,Amy,Kirby,Female,2004-01-11,2021,BS Electrical,Emilystad,Italy,2024-02-19
598,Rachel,Morgan,Female,2003-01-05,2022,BS Electrical,Port Robert,Nigeria,2025-06-07
599,Jamie,Li,Female,2004-04-30,2023,BS Computer Science,North Melissa,Liechtenstein,2023-02-15
600,Katherine,Walker,Female,1999-05-25,2021,BS Mathematics,North Reginald,Holy See (Vatican City State),2025-08-25
601,Tracie,Hunter,Female,2008-07-28,2022,BS Business,Judyburgh,Cayman Islands,2023-04-11
602,Philip,Johnson,Male,2004-01-26,2022,BS Electrical,Burkeport,Libyan Arab Jamahiriya,2022-10-12
603,Martin,Ortega,Male,1996-05-07,2024,BS Computer Science,Lake Kevin,Papua New Guinea,2020-08-14
604,Francisco,Alexander,Male,1996-05-23,2024,BS Mathematics,Davidside,Rwanda,2022-05-09
605,Justin,Atkins,Male,2008-07-10,2020,BS Business,West Joseph,Cayman Islands,2025-01-29
606,Geoffrey,Lawson,Male,2003-12-28,2019,BS Software Eng,Farleybury,Cook Islands,2024-12-18
607,Reginald,Fuentes,Male,1998-09-20,2023,BS Software Eng,Dixonberg,Bulgaria,2025-10-26
608,Jessica,Bass,Female,2001-04-06,2020,BS Computer Science,East Jonathonmouth,South Georgia and the South Sandwich Islands,2023-11-15
609,Eric,Perez,Male,2000-01-29,2019,BS Mathematics,Jasonfort,Rwanda,2025-03-10
610,Stephen,Galloway,Male,2007-03-18,2024,BS Mathematics,Lake Jeffreymouth,Latvia,2021-12-06
611,Matthew,Guzman,Male,2000-04-24,2021,BS Mathematics,Williamsview,Pitcairn Islands,2022-12-04
612,Brian,Gonzales,Male,2008-10-18,2019,BS Software Eng,New Kevin,Antarctica (the territory South of 60 deg S),2025-10-13
613,Jennifer,Miller,Female,2005-07-04,2021,BS Software Eng,New David,Syrian Arab Republic,2025-05-08
614,Christopher,Chavez,Male,2001-11-10,2019,BS Business,Leroyshire,Uganda,2025-04-12
615,Jared,Brooks,Male,2004-12-16,2019,BS Computer Science,Johnsonberg,Fiji,2025-06-03
616,Jeff,Davis,Male,2003-11-25,2020,BS Electrical,East Chad,Hong Kong,2025-03-22
617,Megan,Williams,Female,2000-04-13,2020,BS Electrical,Brandonfurt,Burkina Faso,2025-08-29
618,Christian,Johnson,Male,2001-04-19,2021,BS Electrical,Michaelville,Malawi,2025-03-07
619,Ronald,Munoz,Male,2004-08-21,2019,BS Mathematics,Martinezfort,Sudan,2025-10-04
620,Terri,Leach,Female,2008-03-18,2024,BS Computer Science,Alyssastad,Cayman Islands,2025-05-30
621,Dale,Griffin,Male,2005-02-24,2023,BS Software Eng,Tashamouth,Moldova,2024-07-18
622,John,Jones,Male,2005-08-09,2024,BS Computer Science,Port Amandashire,Comoros,2025-04-05
623,Doris,Robles,Female,2002-11-21,2020,BS Software Eng,Port Sara,Martinique,2023-12-10
624,Rebecca,Deleon,Female,1998-10-26,2019,BS Mathematics,West Sherri,Fiji,2025-02-20
625,Kenneth,White,Male,2001-10-08,2019,BS Business,West Wayne,Suriname,2024-12-09
626,Larry,Wise,Male,2007-02-07,2020,BS Electrical,North Laurenhaven,Italy,2025-04-07
627,John,Reese,Male,2004-06-04,2021,BS Computer Science,Cristinaland,Djibouti,2025-06-30
628,Ashley,Mckay,Female,1997-09-24,2019,BS Electrical,Kristibury,Holy See (Vatican City State),2024-12-31
629,George,Jackson,Male,1996-01-03,2020,BS Mathematics,Lake Alexanderview,Tuvalu,2025-03-19
630,Lauren,Thompson,Female,2001-11-23,2019,BS Electrical,East David,Greece,2025-04-18
631,Beth,Velasquez,Female,2004-04-03,2020,BS Mathematics,Wallaceland,Germany,2025-01-20
632,Angel,Porter,Male,1998-03-21,2021,BS Computer Science,Brianmouth,Botswana,2023-03-11
633,David,Wilson,Male,2004-12-12,2021,BS Electrical,Michaelaborough,Chile,2024-03-23
634,James,Morgan,Male,2000-01-09,2023,BS Electrical,Mollymouth,France,2025-07-03
635,Ashley,Erickson,Female,2004-04-29,2019,BS Electrical,Williamsberg,Denmark,2025-01-13
636,Matthew,Grant,Male,2006-10-31,2023,BS Mathematics,Lake Jenniferland,Holy See (Vatican City State),2023-06-24
637,Laurie,Jones,Female,2002-12-28,2024,BS Electrical,North Debra,Samoa,2025-01-28
638,Tristan,Davies,Male,2005-08-17,2023,BS Software Eng,Herrerastad,Latvia,2023-09-22
639,James,Weaver,Male,2008-09-19,2019,BS Electrical,Christinaborough,Guadeloupe,2025-01-07
640,Carrie,Alvarez,Female,1999-05-29,2021,BS Computer Science,Lake Lori,Cayman Islands,2024-04-28
641,Monique,Contreras,Female,2001-08-11,2023,BS Business,Andreburgh,Anguilla,2025-10-09
642,Carrie,Boyer,Female,1996-11-21,2020,BS Business,Ashleyport,French Polynesia,2024-04-10
643,Frank,Garrison,Male,2007-11-25,2020,BS Business,Rebeccamouth,Luxembourg,2024-09-16
644,Anne,White,Female,2006-10-02,2021,BS Software Eng,Robertville,Chile,2025-08-18
645,Sarah,Foster,Female,2006-08-17,2024,BS Computer Science,Robinsonside,Kiribati,2024-05-11
646,Richard,Ortiz,Male,2004-09-19,2020,BS Software Eng,New Madeline,Turkey,2025-10-12
647,Andrew,Henderson,Male,2001-06-06,2024,BS Software Eng,Lynchshire,Ghana,2023-03-25
648,Nicholas,Kent,Male,1996-07-19,2024,BS Business,Amyborough,Christmas Island,2020-06-20
649,Tyler,Thompson,Male,2006-07-05,2019,BS Electrical,Johnathanton,Norway,2025-01-16
650,Michelle,Montoya,Female,2005-08-07,2020,BS Electrical,North Kaylafurt,Indonesia,2025-05-14
651,Denise,Jones,Female,2006-04-03,2023,BS Mathematics,Patriciaburgh,Saint Lucia,2025-08-25
652,Erika,Gaines,Female,2000-02-22,2023,BS Mathematics,East Jenniferport,Turks and Caicos Islands,2021-12-21
653,Christopher,Adams,Male,2006-06-02,2019,BS Computer Science,Codyborough,Myanmar,2025-09-29
654,Robert,Lewis,Male,2003-03-29,2022,BS Computer Science,Lake Joseph,Palestinian Territory,2024-01-08
655,Dana,Thompson,Female,2008-04-18,2021,BS Software Eng,North Kristenview,Bahamas,2025-10-25
656,Tyler,Stanton,Male,1996-02-25,2021,BS Software Eng,Cindyview,Oman,2024-05-13
657,Melanie,Jensen,Female,2003-05-18,2022,BS Computer Science,Heathertown,Micronesia,2025-01-03
658,Benjamin,Todd,Male,2008-04-03,2019,BS Business,Lake Megan,Kiribati,2025-03-26
659,Heather,Brown,Female,1999-10-29,2021,BS Mathematics,Kimberlyfort,Cocos (Keeling) Islands,2024-08-17
660,John,Bailey,Male,2003-10-07,2019,BS Software Eng,North Cameron,Kazakhstan,2025-02-14
661,Sarah,Perez,Female,2001-05-30,2020,BS Software Eng,New Kathleen,United States Virgin Islands,2024-12-03
662,Jason,Livingston,Male,2002-03-13,2024,BS Computer Science,Susanmouth,Gibraltar,2021-06-28
663,Jeffrey,Foster,Male,1997-01-23,2021,BS Electrical,Kristyview,Belgium,2023-02-09
664,Kaitlyn,Gomez,Female,2007-01-12,2021,BS Computer Science,Janeberg,Malaysia,2023-07-10
665,Joshua,Johnson,Male,2000-01-14,2021,BS Mathematics,Juliaside,Guyana,2025-06-07
666,Robert,Nguyen,Male,1999-11-10,2021,BS Mathematics,Port Sabrinastad,Chile,2024-02-05
667,Robert,Jackson,Male,2004-10-07,2023,BS Computer Science,New Brent,Philippines,2020-12-27
668,Adam,Simpson,Male,2000-05-13,2024,BS Business,Bobbyborough,Nicaragua,2023-09-03
669,Thomas,Morales,Male,2007-01-26,2024,BS Computer Science,Hernandezmouth,Japan,2024-08-09
670,Michael,Curry,Male,2007-05-03,2024,BS Computer Science,Robertland,Portugal,2019-12-23
671,Benjamin,Nichols,Male,2004-11-03,2021,BS Software Eng,New Victoria,Jordan,2023-12-16
672,Robert,Hansen,Male,2003-10-10,2020,BS Electrical,East David,Germany,2025-02-05
673,Jacob,Klein,Male,2007-06-21,2024,BS Electrical,Cherylchester,Sri Lanka,2022-12-19
674,Christopher,Reeves,Male,2005-01-24,2021,BS Mathematics,Brownton,Burkina Faso,2023-04-20
675,Donna,Moore,Female,2007-08-31,2023,BS Software Eng,Natashaburgh,Kiribati,2021-05-04
676,Julie,Watkins,Female,2006-10-18,2021,BS Mathematics,Port Phillipport,Greenland,2024-07-07
677,Shelby,Lang,Female,1999-09-26,2021,BS Computer Science,North Ricardo,Costa Rica,2024-09-18
678,Mark,Khan,Male,2006-03-16,2024,BS Mathematics,Fernandezton,Congo,2025-04-18
679,Scott,Kelly,Male,2002-02-28,2021,BS Business,Ericland,Australia,2024-10-13
680,Sarah,Barnes,Female,1998-06-26,2023,BS Software Eng,Christinamouth,Kuwait,2025-01-29
681,Heather,Burnett,Female,2000-08-08,2022,BS Software Eng,Brianstad,Japan,2023-02-20
682,Diana,Hardy,Female,2004-05-08,2024,BS Electrical,Shirleyhaven,Senegal,2023-04-24
683,Samuel,Martin,Male,2002-11-03,2020,BS Business,Shariview,Paraguay,2024-11-25
684,Joel,Compton,Male,1996-08-30,2024,BS Electrical,New Michele,United States Virgin Islands,2021-10-24
685,Amanda,Mcdonald,Female,1996-06-20,2023,BS Mathematics,South Vanessaton,Tuvalu,2022-05-21
686,Corey,Brown,Male,2000-05-11,2022,BS Business,Port Tanyaton,Lao People's Democratic Republic,2023-03-07
687,Lisa,Pruitt,Female,2005-05-08,2019,BS Software Eng,Port Garrett,Turks and Caicos Islands,2025-09-18
688,Brittney,Griffin,Female,2005-06-19,2020,BS Computer Science,Lake Tammyport,Somalia,2024-11-18
689,Mary,Thompson,Female,2003-05-02,2023,BS Mathematics,Port Derek,Albania,2021-09-18
690,Debbie,Austin,Female,1998-09-29,2023,BS Software Eng,New David,Mozambique,2024-10-24
691,Charles,Macias,Male,2006-10-03,2023,BS Software Eng,Port John,Peru,2022-04-12
692,John,Clark,Male,1999-09-21,2020,BS Electrical,New Cassiechester,Egypt,2025-09-30
693,Timothy,Green,Male,2006-11-21,2022,BS Software Eng,Nathanielside,Nepal,2022-11-10
694,Nicholas,Barron,Male,2008-02-01,2020,BS Electrical,East Alexandermouth,Norway,2024-08-20
695,Kathleen,Taylor,Female,1999-10-21,2023,BS Business,South Michael,Svalbard & Jan Mayen Islands,2023-11-13
696,Seth,Harris,Male,1999-12-06,2022,BS Electrical,Greenmouth,Bolivia,2025-04-02
697,Johnny,Schmidt,Male,2002-03-24,2024,BS Business,West Daniel,Chile,2023-09-29
698,Brian,Stanley,Male,2002-05-03,2021,BS Business,Bernardfort,South Georgia and the South Sandwich Islands,2024-06-10
699,Jessica,Wright,Female,1996-08-13,2022,BS Software Eng,Hughesmouth,Ecuador,2023-06-06
700,Debra,Farmer,Female,2004-09-12,2022,BS Business,Michaelstad,Afghanistan,2023-01-12
701,Angela,Sanchez,Female,1999-11-07,2023,BS Business,Joneston,Faroe Islands,2021-03-07
702,Miguel,Glass,Male,2006-03-06,2024,BS Computer Science,South Mary,Bosnia and Herzegovina,2020-04-10
703,Vickie,Moreno,Female,1996-09-21,2020,BS Electrical,North Richardmouth,Syrian Arab Republic,2023-11-23
704,Darren,Watson,Male,2001-06-12,2022,BS Electrical,Laurenshire,Tunisia,2025-08-16
705,Tracy,Lawrence,Male,2008-05-08,2021,BS Computer Science,West Christopherchester,Western Sahara,2024-04-25
706,Debra,Miller,Female,2006-08-26,2020,BS Electrical,Port Stephanieborough,Ukraine,2024-03-31
707,Thomas,Adams,Male,1998-06-23,2020,BS Software Eng,West Paula,Brunei Darussalam,2025-08-13
708,April,Bowen,Female,2003-03-28,2020,BS Business,East Janetborough,Kyrgyz Republic,2023-12-23
709,Robert,Hoover,Male,2001-11-06,2024,BS Computer Science,Amyville,Angola,2020-01-10
710,Luke,Mclaughlin,Male,1998-06-16,2022,BS Mathematics,Ortegabury,Australia,2024-06-10
711,Sarah,Byrd,Female,1996-05-24,2024,BS Electrical,West Valerieport,United Kingdom,2024-03-03
712,Michael,Rice,Male,1997-07-15,2023,BS Business,Lake Leonard,Colombia,2024-10-20
713,Matthew,Smith,Male,1997-12-04,2024,BS Business,Sweeneyfurt,Romania,2020-01-21
714,Jessica,Nunez,Female,2004-04-27,2020,BS Computer Science,New Steventon,Isle of Man,2024-09-15
715,Autumn,Byrd,Female,1998-08-26,2019,BS Computer Science,Port Ellenburgh,Lithuania,2024-11-27
716,Sharon,Perkins,Female,2006-11-27,2019,BS Business,Alyssafort,Indonesia,2024-12-25
717,Travis,Johnson,Male,2006-11-16,2022,BS Mathematics,North Jill,Sao Tome and Principe,2022-07-22
718,Nichole,Thomas,Female,2005-03-01,2020,BS Mathematics,West Josehaven,Portugal,2025-02-21
719,John,Gordon,Male,2008-08-20,2019,BS Mathematics,Port Julie,Saint Barthelemy,2025-03-07
720,Jack,Carpenter,Male,2005-05-23,2023,BS Software Eng,Kevinborough,Hong Kong,2021-08-31
721,Emily,Foster,Female,2002-02-06,2020,BS Software Eng,West Stephen,Cocos (Keeling) Islands,2025-04-07
722,Robin,Pacheco,Female,2003-01-17,2021,BS Software Eng,New Matthew,Dominican Republic,2025-06-12
723,Teresa,Goodman,Female,1998-11-19,2023,BS Computer Science,New Amandatown,Senegal,2021-06-05
724,Lindsay,Hart,Female,2002-10-27,2019,BS Electrical,Lake William,Honduras,2025-04-30
725,Sandra,Nichols,Female,2001-05-16,2020,BS Software Eng,South Michaelburgh,Somalia,2024-02-12
726,Ronald,Ortega,Male,2002-07-08,2020,BS Electrical,New Michelleland,Estonia,2025-04-28
727,Richard,Moore,Male,1997-06-18,2023,BS Electrical,North Natalieville,Sweden,2023-03-29
728,John,Beasley,Male,2001-12-23,2024,BS Computer Science,West Jennifer,Rwanda,2025-10-04
729,Patricia,Martinez,Female,2000-04-20,2021,BS Computer Science,East William,Bouvet Island (Bouvetoya),2025-05-11
730,Mark,Wilson,Male,2006-02-11,2022,BS Software Eng,Millerfurt,North Macedonia,2021-11-30
731,Christina,Acosta,Female,2005-10-07,2024,BS Computer Science,West Michaelton,Brazil,2021-10-11
732,Carla,Johnson,Female,1998-03-10,2020,BS Electrical,Hendersonview,Sierra Leone,2025-10-11
733,Cathy,Rodriguez,Female,1998-11-17,2023,BS Electrical,Cortezton,Burkina Faso,2024-05-09
734,Adam,Carr,Male,1998-07-04,2020,BS Mathematics,North Jimshire,Kiribati,2025-03-07
735,Jerry,Warren,Male,1997-02-05,2021,BS Software Eng,Hughesborough,Peru,2024-05-28
736,Alex,Fox,Male,2003-08-24,2022,BS Computer Science,East Jessica,Turkmenistan,2023-05-18
737,Daniel,Hernandez,Male,2006-11-08,2020,BS Software Eng,South Lori,Venezuela,2025-03-22
738,Carlos,Rogers,Male,2006-02-27,2021,BS Business,West Jessicaville,Germany,2023-05-28
739,Jeffrey,Cantrell,Male,1999-05-13,2020,BS Electrical,Jennifermouth,Haiti,2025-04-21
740,Harold,Brown,Male,2004-12-29,2022,BS Mathematics,East Annaview,Turks and Caicos Islands,2022-06-06
741,Carl,Mack,Male,1999-12-27,2019,BS Electrical,Port James,Bermuda,2025-02-10
742,Virginia,Sexton,Female,2008-01-21,2019,BS Business,South Carolyn,Greece,2024-12-03
743,Regina,Huff,Female,1997-09-18,2019,BS Business,North Brittanyville,United States Virgin Islands,2025-03-03
744,Michael,Thompson,Male,2006-10-12,2021,BS Computer Science,North Thomasstad,French Southern Territories,2022-11-19
745,Curtis,Gutierrez,Male,2001-11-18,2019,BS Computer Science,Port Matthew,Italy,2025-05-28
746,Kaitlin,Dickson,Female,2002-09-19,2022,BS Business,Clintonmouth,Lithuania,2023-06-22
747,Bill,Hays,Male,1998-09-30,2022,BS Electrical,Martinmouth,Bosnia and Herzegovina,2023-03-08
748,Meredith,Johnson,Female,2003-09-05,2023,BS Mathematics,Timothybury,Anguilla,2024-11-05
749,Jessica,Clark,Female,1996-05-05,2022,BS Computer Science,Millermouth,Cook Islands,2025-01-18
750,Megan,Washington,Female,2007-08-09,2024,BS Software Eng,Mitchellland,Chad,2024-02-11
751,Casey,Taylor,Male,2002-04-25,2019,BS Computer Science,Williamshaven,Cook Islands,2024-12-13
752,Matthew,Baker,Male,2003-08-03,2020,BS Mathematics,East Gregory,Burkina Faso,2024-09-28
753,Justin,White,Male,1999-04-25,2020,BS Mathematics,Katelynborough,Andorra,2024-06-28
754,Susan,Calderon,Female,2007-10-30,2024,BS Software Eng,Browntown,China,2023-12-21
755,Kevin,Li,Male,2007-08-22,2022,BS Software Eng,East Gabriella,India,2022-12-07
756,Andrew,Duncan,Male,2007-03-10,2021,BS Mathematics,Stephanieview,Montenegro,2024-11-16
757,Brittany,Tyler,Female,2007-09-17,2019,BS Electrical,South Sue,Guatemala,2025-07-31
758,Christina,Thompson,Female,1999-06-24,2021,BS Electrical,Jacksonbury,Portugal,2022-11-18
759,Bruce,Willis,Male,2002-07-21,2024,BS Electrical,Sarahton,Hungary,2020-06-17
760,Susan,Cruz,Female,1998-04-29,2020,BS Computer Science,Gonzalezstad,Rwanda,2024-04-15
761,Michael,Hendricks,Male,2002-02-14,2019,BS Software Eng,Port Garrettside,Tajikistan,2024-11-09
762,Debra,Nash,Female,2005-05-03,2020,BS Software Eng,East Kimberly,Kazakhstan,2025-07-18
763,Cody,Hernandez,Male,2008-02-13,2023,BS Mathematics,New Matthew,Denmark,2024-12-27
764,Adam,Blackwell,Male,2003-08-20,2024,BS Electrical,North Richard,Saint Pierre and Miquelon,2021-09-29
765,Derek,Franklin,Male,1997-10-30,2021,BS Software Eng,Haletown,Guinea-Bissau,2025-05-05
766,Traci,Shields,Female,1996-09-27,2023,BS Software Eng,Walkerfort,El Salvador,2024-08-03
767,Russell,Williams,Male,2004-07-11,2022,BS Business,Port Jeremy,Sao Tome and Principe,2022-09-07
768,Matthew,Mann,Male,1999-06-09,2021,BS Business,North Jasonborough,French Southern Territories,2025-10-29
769,Andre,Conrad,Male,1998-03-31,2019,BS Electrical,Diazton,Spain,2025-09-13
770,Michael,Martin,Male,2001-11-13,2020,BS Computer Science,Lake Dawnburgh,Anguilla,2024-09-13
771,Christopher,Haynes,Male,1996-10-27,2023,BS Mathematics,South David,French Polynesia,2023-11-12
772,John,Neal,Male,2003-12-11,2022,BS Mathematics,Baldwinmouth,Kiribati,2023-11-23
773,Jonathan,Wilson,Male,2005-09-18,2023,BS Electrical,Chelseaborough,Brazil,2024-09-18
774,Maria,Lindsey,Female,2003-01-03,2021,BS Software Eng,South Patricia,Colombia,2023-08-01
775,Anna,Casey,Female,1997-01-01,2022,BS Computer Science,South Justinport,Reunion,2023-02-07
776,Eugene,Mendez,Male,2008-08-05,2020,BS Business,Olsonville,Bangladesh,2024-01-30
777,Michael,Harris,Male,2005-02-13,2022,BS Electrical,New Crystal,Gambia,2022-12-29
778,Susan,Gutierrez,Female,2007-04-21,2019,BS Mathematics,Wilsonfort,Bahrain,2025-10-15
779,Dawn,Brown,Female,2000-06-02,2023,BS Software Eng,Erinmouth,Vanuatu,2025-09-01
780,Michael,Hansen,Male,2004-08-16,2019,BS Business,Lake Emily,Togo,2025-08-17
781,Norma,Smith,Female,1999-06-17,2019,BS Software Eng,Wilsonmouth,Djibouti,2025-10-04
782,Melinda,Baker,Female,2004-12-29,2021,BS Software Eng,Annechester,Czech Republic,2025-09-13
783,Scott,Garcia,Male,2000-08-27,2022,BS Business,Smithton,Syrian Arab Republic,2024-07-15
784,Laura,Thompson,Female,2000-03-10,2023,BS Business,Michaelstad,Colombia,2025-07-18
785,Justin,Estes,Male,2007-11-15,2021,BS Software Eng,Livingstonton,Latvia,2023-01-11
786,Robert,Fitzpatrick,Male,2007-09-27,2024,BS Electrical,West Kevinmouth,Saint Vincent and the Grenadines,2024-06-10
787,William,Landry,Male,2008-04-04,2020,BS Electrical,Alyssaberg,Qatar,2024-10-16
788,Jamie,Banks,Female,1996-11-18,2020,BS Software Eng,Jimenezmouth,Guinea,2025-04-22
789,Deborah,Jennings,Female,1996-02-20,2022,BS Mathematics,Butlershire,Anguilla,2024-04-08
790,Nicole,Gibson,Female,2003-07-22,2021,BS Business,Lake Saraside,Mali,2025-09-06
791,Joel,Lopez,Male,2003-05-19,2021,BS Software Eng,Mcgeefurt,Morocco,2025-02-11
792,Alexander,King,Male,1995-12-11,2022,BS Business,Williemouth,Switzerland,2022-05-16
793,Dustin,Case,Male,2001-10-24,2020,BS Electrical,Rachelmouth,Greece,2025-04-17
794,Derrick,White,Male,2007-05-04,2020,BS Electrical,Tarabury,Jersey,2025-10-01
795,Seth,Johnson,Male,1999-02-10,2019,BS Software Eng,Clarkborough,Bangladesh,2025-08-27
796,Jacob,Randolph,Male,2006-12-12,2024,BS Computer Science,Pamelaport,Brazil,2023-11-14
797,Kristin,Schroeder,Female,2007-09-14,2021,BS Mathematics,Port Jennifer,Timor-Leste,2024-05-17
798,Deborah,Potter,Female,1998-10-13,2023,BS Business,Kellybury,Latvia,2025-09-19
799,James,Hill,Male,1999-06-23,2022,BS Mathematics,New Joy,Finland,2024-09-14
800,Zachary,Reid,Male,1999-11-01,2024,BS Electrical,Johnsonborough,Netherlands,2024-12-28
801,James,Silva,Male,1997-12-05,2022,BS Computer Science,South Dana,Netherlands,2025-09-24
802,Jeffrey,Martinez,Male,1999-05-19,2019,BS Software Eng,Nelsonbury,Luxembourg,2025-08-06
803,William,Walker,Male,2000-12-16,2020,BS Business,Lake Zacharyborough,Belize,2024-12-18
804,Tanya,Burton,Female,2001-02-23,2020,BS Business,Garciaside,Bahamas,2024-12-23
805,Crystal,Adkins,Female,1995-12-26,2021,BS Mathematics,East Patricia,Tajikistan,2024-09-28
806,James,Martinez,Male,2003-11-28,2023,BS Business,Williamsfort,Papua New Guinea,2025-07-24
807,Omar,Phillips,Male,1996-08-30,2020,BS Computer Science,Gordonland,Sweden,2024-02-27
808,Taylor,Phillips,Female,1997-07-07,2020,BS Software Eng,New Kayla,Iceland,2025-03-02
809,Steven,Hunt,Male,2007-03-11,2022,BS Business,Parkerburgh,Malaysia,2023-12-30
810,John,Allen,Male,2004-07-10,2019,BS Business,North Erikamouth,New Caledonia,2025-05-15
811,Thomas,Bell,Male,2007-12-06,2024,BS Electrical,East Lisa,New Zealand,2023-02-05
812,Meghan,James,Female,2004-10-10,2022,BS Business,New Kristinstad,Saint Pierre and Miquelon,2025-06-20
813,Troy,Wilson,Male,2001-03-22,2022,BS Mathematics,Wilsonburgh,Djibouti,2025-07-29
814,Carmen,Hernandez,Female,2000-09-24,2022,BS Mathematics,Port Danielchester,Switzerland,2023-03-21
815,Jay,Hanson,Male,2003-04-12,2023,BS Business,West Amanda,Martinique,2024-05-26
816,Ian,Johnson,Male,1995-12-19,2023,BS Mathematics,Samanthamouth,Andorra,2023-09-10
817,Danielle,Briggs,Female,2005-12-20,2019,BS Business,North Tammyton,Saint Barthelemy,2025-08-02
818,Jennifer,Monroe,Female,2006-01-18,2022,BS Mathematics,Port Marcville,Benin,2025-03-28
819,Lance,Sims,Male,2008-06-22,2019,BS Computer Science,Nicolechester,Saint Vincent and the Grenadines,2025-02-18
820,Benjamin,Romero,Male,2008-03-16,2021,BS Mathematics,Dustinland,United Kingdom,2024-11-21
821,Lawrence,Smith,Male,2004-05-17,2023,BS Computer Science,Port Michael,Central African Republic,2022-08-13
822,Noah,Pham,Male,2002-12-28,2019,BS Computer Science,Michaelstad,Finland,2025-08-13
823,Michael,Charles,Male,1996-02-02,2024,BS Electrical,Barajaschester,Czech Republic,2023-09-23
824,Patrick,Mitchell,Male,2007-10-02,2022,BS Business,Lake Jefferymouth,Bhutan,2022-04-06
825,Dawn,Thomas,Female,2004-12-04,2020,BS Software Eng,Melaniemouth,Burundi,2025-02-09
826,Gregory,Tran,Male,2007-04-01,2020,BS Business,Knappland,Croatia,2025-03-07
827,Lisa,Reynolds,Female,2004-08-24,2022,BS Mathematics,West Wanda,Solomon Islands,2024-09-05
828,Joseph,Mcguire,Male,2003-12-27,2023,BS Mathematics,Johnsonside,Malta,2022-07-30
829,Jimmy,Myers,Male,2004-11-13,2024,BS Business,Armstrongview,Tuvalu,2022-08-26
830,Christopher,Li,Male,2008-07-23,2022,BS Computer Science,Martinville,Belarus,2024-05-24
831,William,Bryan,Male,1998-01-31,2022,BS Computer Science,North David,Belarus,2025-10-13
832,Eric,Phelps,Male,2003-06-17,2023,BS Software Eng,Wattsfurt,Martinique,2020-12-01
833,Ethan,Beard,Male,2001-12-14,2022,BS Mathematics,Melanieborough,Gabon,2022-02-16
834,Hector,Smith,Male,2000-03-07,2022,BS Software Eng,Allenview,Kazakhstan,2022-10-29
835,Michael,Jimenez,Male,1999-01-05,2023,BS Business,Lake Veronica,Venezuela,2025-07-12
836,Jennifer,White,Female,1997-10-29,2019,BS Business,Anthonyburgh,Iraq,2025-04-30
837,Charles,Beasley,Male,1998-02-17,2019,BS Software Eng,Stevenfort,Barbados,2025-09-04
838,Alexis,Miller,Female,2000-09-16,2020,BS Electrical,Madisonville,Jamaica,2025-01-21
839,Julie,Bartlett,Female,2000-02-12,2019,BS Software Eng,Patriciaton,Nigeria,2025-04-08
840,Cameron,Gutierrez,Male,2006-01-15,2023,BS Electrical,East Charlesside,Macao,2022-12-30
841,Ronald,Hopkins,Male,1998-11-14,2023,BS Computer Science,South Matthewland,Slovenia,2025-06-10
842,Denise,Rivera,Female,1999-01-19,2019,BS Electrical,Russellfort,Cayman Islands,2025-10-28
843,Martin,Herring,Male,2007-01-01,2023,BS Computer Science,Jasonhaven,Switzerland,2023-11-26
844,Sandra,Dean,Female,1998-07-04,2020,BS Computer Science,Shelbytown,Kazakhstan,2024-07-28
845,Kristina,Young,Female,1999-10-10,2023,BS Electrical,Isabelshire,Kenya,2022-12-06
846,Cassandra,Coffey,Female,1997-03-26,2023,BS Mathematics,South Baileyville,Egypt,2023-12-15
847,Terry,Martinez,Male,1999-12-05,2021,BS Computer Science,Lake Jared,Gibraltar,2023-09-21
848,Tami,Williams,Female,2008-06-07,2021,BS Business,South Jeffreyside,Grenada,2024-09-13
849,Richard,Nunez,Male,2004-01-22,2024,BS Software Eng,Lake Christophermouth,Latvia,2025-04-18
850,Zachary,Kelly,Male,2000-12-01,2019,BS Mathematics,Port Carly,Uzbekistan,2025-02-14
851,Jennifer,Wilson,Female,2004-12-20,2024,BS Mathematics,New Amychester,United States of America,2024-06-21
852,Angela,Griffin,Female,2003-08-13,2021,BS Electrical,Strongland,Israel,2023-07-30
853,Stephen,Washington,Male,2001-06-01,2024,BS Computer Science,West Kimton,Guam,2020-06-27
854,William,Ramirez,Male,1996-03-11,2019,BS Business,North Justin,Chile,2024-11-25
855,Dakota,Banks,Male,2002-12-20,2019,BS Business,South Christina,Togo,2025-01-28
856,Crystal,Mcdonald,Female,1999-08-25,2020,BS Computer Science,South William,Cayman Islands,2025-09-18
857,Glenda,Henry,Female,1997-03-10,2019,BS Mathematics,Petersonborough,Hungary,2025-10-04
858,Stephen,Smith,Male,1998-05-24,2021,BS Mathematics,New Douglas,French Southern Territories,2025-10-17
859,Megan,Mann,Female,2005-10-29,2024,BS Business,Millerborough,Ghana,2024-02-12
860,Chad,Estes,Male,2005-12-24,2019,BS Computer Science,Myersland,Papua New Guinea,2024-12-28
861,Manuel,Harris,Male,1996-08-30,2024,BS Computer Science,Lake Maurice,Moldova,2023-04-25
862,Brandon,Dickson,Male,2001-06-24,2020,BS Mathematics,Cruzchester,Colombia,2025-02-22
863,Patricia,Norman,Female,2004-09-14,2019,BS Business,Sarahmouth,Norfolk Island,2025-02-26
864,Kevin,Montoya,Male,1998-04-30,2020,BS Electrical,Stanleyview,Tajikistan,2025-08-26
865,Trevor,Thompson,Male,2006-04-17,2021,BS Software Eng,Louisside,United Kingdom,2025-03-28
866,Emily,King,Female,2007-10-07,2019,BS Business,Alejandroside,Djibouti,2025-11-09
867,Alyssa,Daniels,Female,2000-10-01,2020,BS Mathematics,North Dwayne,Japan,2024-07-31
868,Marissa,Norton,Female,2005-11-08,2022,BS Software Eng,South Sharonfurt,Aruba,2022-06-10
869,Cameron,Allen,Male,1999-04-30,2019,BS Electrical,Port Melissa,Argentina,2025-09-08
870,Travis,Castro,Male,2007-12-14,2020,BS Electrical,Sawyerfort,Uzbekistan,2024-03-26
871,Tiffany,Hawkins,Female,2004-08-12,2021,BS Computer Science,Alexisburgh,French Guiana,2025-06-29
872,Sandra,Nelson,Female,2006-05-23,2020,BS Electrical,Robertfort,Samoa,2025-07-27
873,Larry,Thomas,Male,2007-01-20,2021,BS Computer Science,New Angelahaven,Antarctica (the territory South of 60 deg S),2024-12-13
874,Taylor,Perez,Female,1999-05-10,2024,BS Software Eng,Allenville,United States Minor Outlying Islands,2020-08-12
875,Kristen,Forbes,Female,2006-09-12,2023,BS Mathematics,Tuckerhaven,Cook Islands,2025-10-23
876,Rebecca,Fisher,Female,1997-05-12,2024,BS Business,Lake Elizabeth,Burkina Faso,2023-12-03
877,Jessica,Perry,Female,1996-11-19,2024,BS Software Eng,Port Jerryburgh,Bouvet Island (Bouvetoya),2021-10-13
878,Rhonda,Christensen,Female,2005-08-24,2019,BS Electrical,Smithtown,Azerbaijan,2025-06-06
879,Andrew,Davila,Male,2000-10-04,2021,BS Software Eng,Hillfurt,Bermuda,2025-07-16
880,Kathryn,Robinson,Female,2003-04-17,2019,BS Electrical,Joycefurt,Madagascar,2025-02-05
881,Brittany,Kelly,Female,1996-06-28,2022,BS Mathematics,Jarvisberg,Sri Lanka,2023-09-26
882,April,White,Female,2000-12-17,2022,BS Mathematics,North Loriton,China,2025-08-06
883,Denise,Miller,Female,2001-07-25,2024,BS Electrical,Lake Ericview,Turkmenistan,2022-01-23
884,Raymond,Martin,Male,2006-06-09,2024,BS Computer Science,West Susan,Brazil,2023-02-24
885,Sarah,Hughes,Female,1998-05-02,2021,BS Mathematics,South Dylan,Luxembourg,2022-12-10
886,Marie,Villegas,Female,1996-01-15,2023,BS Computer Science,West Michelle,Brazil,2024-05-07
887,Jesse,Sheppard,Male,2004-10-17,2020,BS Software Eng,Erikview,Western Sahara,2023-11-29
888,Madison,Martinez,Female,2004-12-15,2024,BS Software Eng,West Jamesshire,Estonia,2021-05-02
889,George,Soto,Male,1996-12-15,2019,BS Electrical,Brandonstad,Croatia,2024-12-09
890,Derek,Jackson,Male,2000-02-06,2023,BS Electrical,Mccormickstad,Gambia,2024-10-17
891,Troy,Mcknight,Male,2006-05-14,2019,BS Computer Science,Alexandrastad,Thailand,2025-05-12
892,Ryan,Jones,Male,1998-06-16,2023,BS Business,Martinezfort,Korea,2025-09-09
893,Gabrielle,Hall,Female,2006-07-14,2022,BS Software Eng,Brownstad,Madagascar,2024-09-09
894,Brandon,Rich,Male,2002-01-08,2022,BS Business,Lake Alexa,Lao People's Democratic Republic,2023-07-20
895,Henry,Walsh,Male,2004-12-17,2021,BS Computer Science,Alishire,Sri Lanka,2022-12-07
896,Jessica,Nelson,Female,1996-12-16,2024,BS Software Eng,North Jasonville,San Marino,2020-09-18
897,Chris,King,Male,1997-02-07,2022,BS Electrical,Sullivanview,American Samoa,2022-05-28
898,Thomas,Hebert,Male,2001-08-07,2023,BS Electrical,Lake Patricia,Micronesia,2022-12-01
899,Stephen,Daniels,Male,2007-10-24,2023,BS Business,Vickimouth,Sweden,2021-05-23
900,Andrew,Santiago,Male,1997-04-19,2020,BS Software Eng,Chelseaborough,Korea,2024-04-17
901,Maxwell,Everett,Male,1998-12-18,2021,BS Business,Johnberg,Bhutan,2024-04-16
902,Valerie,Doyle,Female,2004-01-09,2021,BS Computer Science,East Stacey,Faroe Islands,2023-10-29
903,Alexa,Campbell,Female,1998-01-24,2023,BS Business,Craigborough,Albania,2024-04-23
904,Christine,Levy,Female,1997-07-29,2022,BS Electrical,West Jessica,El Salvador,2022-04-03
905,Timothy,Martinez,Male,2000-03-16,2024,BS Electrical,Taylorland,Saint Helena,2020-09-18
906,Caroline,Boyle,Female,2003-09-21,2019,BS Computer Science,Beckertown,Uzbekistan,2025-03-01
907,Debbie,Ritter,Female,2004-09-05,2020,BS Business,Michaelfort,Kuwait,2025-01-31
908,Amanda,Dixon,Female,1996-01-28,2019,BS Software Eng,New William,Guam,2025-03-22
909,Nicholas,Cochran,Male,2007-08-18,2019,BS Mathematics,New Andrewland,Lesotho,2025-08-13
910,Leah,Lee,Female,1997-02-22,2024,BS Business,West Christina,Anguilla,2022-04-22
911,Amy,Johnson,Female,2004-05-08,2023,BS Computer Science,Michaelland,Canada,2022-02-24
912,Thomas,Williams,Male,2006-07-23,2023,BS Software Eng,Port Kirk,Norfolk Island,2024-10-13
913,Christopher,Perkins,Male,1996-03-09,2023,BS Computer Science,South Trevor,Northern Mariana Islands,2024-06-21
914,Jennifer,Griffin,Female,1996-04-13,2020,BS Software Eng,Jefferymouth,Kenya,2024-02-04
915,Victor,Melendez,Male,2007-11-16,2024,BS Mathematics,Hartside,Eritrea,2025-04-05
916,Alex,Jones,Male,2000-01-25,2023,BS Electrical,South Rebecca,Nicaragua,2021-10-13
917,Benjamin,Hansen,Male,2008-08-04,2021,BS Business,West Jeffreymouth,Latvia,2023-03-11
918,Alex,Tucker,Male,1997-01-12,2020,BS Electrical,Davidshire,Panama,2025-06-20
919,Angela,Barr,Female,1996-04-16,2024,BS Software Eng,New Teresa,Dominican Republic,2025-04-25
920,Marissa,Stevens,Female,2000-09-16,2019,BS Computer Science,South Markmouth,Wallis and Futuna,2025-04-28
921,Nicholas,Robertson,Male,1997-09-29,2024,BS Computer Science,West Nathan,Gabon,2022-05-30
922,Angela,Tucker,Female,2001-02-18,2023,BS Electrical,Curtismouth,Croatia,2023-09-06
923,Craig,Matthews,Male,2004-09-16,2021,BS Mathematics,Richardsonmouth,Somalia,2023-09-27
924,Benjamin,Aguirre,Male,2007-05-17,2021,BS Software Eng,North Jasminestad,Netherlands,2024-06-24
925,Rebecca,Malone,Female,2001-09-20,2020,BS Electrical,South Richardfurt,French Guiana,2024-07-08
926,David,Smith,Male,1999-09-16,2021,BS Software Eng,Davischester,Mauritania,2023-08-12
927,Patrick,Waters,Male,1999-08-22,2021,BS Computer Science,Tiffanybury,Ghana,2024-09-30
928,Christine,Gill,Female,1997-08-26,2023,BS Computer Science,Kimberlymouth,Macao,2024-12-01
929,Melissa,Torres,Female,1997-06-27,2023,BS Software Eng,Taylorland,Bosnia and Herzegovina,2023-11-29
930,David,Wood,Male,1996-07-27,2023,BS Electrical,East Wayne,Grenada,2021-07-15
931,Melissa,Sullivan,Female,2006-03-08,2023,BS Electrical,Millermouth,Monaco,2021-05-18
932,Joanna,Henderson,Female,2002-02-07,2020,BS Mathematics,South Gregory,Turkmenistan,2025-08-06
933,Ashley,Hancock,Female,2003-06-10,2020,BS Business,Dannyfurt,Saint Martin,2024-11-24
934,Scott,Phillips,Male,2005-08-06,2023,BS Electrical,Janiceville,Georgia,2021-04-20
935,Heidi,Smith,Female,1999-09-07,2023,BS Mathematics,Jonesmouth,Netherlands Antilles,2024-03-17
936,Ronald,Butler,Male,2006-04-30,2021,BS Software Eng,East Erikport,Nicaragua,2023-09-07
937,Rebecca,Rodriguez,Female,1996-01-07,2021,BS Electrical,New Shannon,Jamaica,2023-05-11
938,Jill,Smith,Female,1999-07-12,2023,BS Computer Science,Alexishaven,Uzbekistan,2023-04-03
939,Matthew,Fischer,Male,2002-11-01,2024,BS Mathematics,South Joshua,Niger,2021-12-01
940,Helen,Rowe,Female,2001-10-01,2020,BS Business,Port Amanda,Uganda,2024-12-04
941,Juan,Avila,Male,1997-11-21,2023,BS Computer Science,Branditown,French Guiana,2023-01-17
942,Lauren,Wilkinson,Female,2007-06-09,2020,BS Business,East Kellyview,Nicaragua,2025-02-11
943,John,Scott,Male,1998-05-14,2022,BS Software Eng,Larsonstad,Liechtenstein,2023-10-01
944,Albert,Stanley,Male,2006-10-04,2021,BS Electrical,Cheyennehaven,Central African Republic,2025-09-18
945,Carlos,Powers,Male,2006-12-09,2023,BS Electrical,Petertown,Marshall Islands,2025-01-20
946,Jared,Young,Male,1998-07-22,2021,BS Business,Port Veronica,Benin,2024-04-27
947,Jennifer,Davis,Female,2001-03-21,2021,BS Software Eng,Colehaven,Singapore,2025-09-17
948,Richard,Smith,Male,2001-02-24,2021,BS Computer Science,Johnathanmouth,Uzbekistan,2024-01-09
949,Darius,Peterson,Male,2008-07-16,2021,BS Business,Dayborough,Madagascar,2023-04-06
950,Brandon,Mitchell,Male,2001-07-14,2024,BS Mathematics,Richardview,Oman,2022-03-31
951,Lisa,Meyers,Female,1997-01-07,2021,BS Mathematics,Port Jeremyville,Greece,2025-03-11
952,Anna,Green,Female,2000-11-18,2019,BS Computer Science,Richardmouth,Thailand,2025-05-05
953,David,Holt,Male,1998-04-15,2022,BS Electrical,East Christian,Lebanon,2022-09-08
954,Diana,Payne,Female,2000-11-20,2020,BS Mathematics,Jacksonberg,Bulgaria,2024-12-22
955,Frank,Duncan,Male,1996-10-23,2019,BS Computer Science,Christopherhaven,Bahamas,2025-05-27
956,Linda,Crawford,Female,2002-01-04,2023,BS Electrical,Dunlapbury,Palau,2021-10-19
957,Laurie,Thompson,Female,1997-05-13,2021,BS Computer Science,Reyesbury,Timor-Leste,2023-06-10
958,Courtney,Leonard,Female,2007-06-15,2023,BS Computer Science,Harrisfurt,Chad,2023-01-05
959,Robert,Vasquez,Male,2003-07-21,2024,BS Computer Science,Port Robertmouth,Belize,2022-07-08
960,Christopher,Rocha,Male,2005-01-24,2020,BS Business,Emilyborough,United Kingdom,2025-08-08
961,Jamie,Craig,Male,2008-06-26,2020,BS Electrical,Kelseymouth,Morocco,2024-09-14
962,Ashlee,Ramsey,Female,2001-05-30,2024,BS Software Eng,New Jamesstad,Guam,2023-08-24
963,Thomas,Ward,Male,2005-11-17,2019,BS Business,Joyceview,Myanmar,2025-01-30
964,Joanna,Lynch,Female,2007-05-08,2019,BS Mathematics,Donaldshire,Chile,2025-05-19
965,Gina,Martinez,Female,1997-09-13,2024,BS Computer Science,Wesleystad,Eritrea,2021-02-01
966,Jacob,Arnold,Male,2006-12-29,2024,BS Business,Lake Karen,Mayotte,2024-01-14
967,Lauren,Johnson,Female,1999-12-25,2023,BS Mathematics,Calderonmouth,Fiji,2022-08-22
968,Andrea,Blanchard,Female,2007-09-15,2019,BS Business,East Michael,Guadeloupe,2025-04-18
969,Erika,Bowen,Female,1996-06-18,2024,BS Software Eng,Johnsonborough,Sao Tome and Principe,2019-12-17
970,Peter,Mccoy,Male,2004-04-28,2021,BS Software Eng,North Belindaport,Uruguay,2022-12-20
971,Elizabeth,Warner,Female,2002-07-24,2023,BS Mathematics,Kevinfort,French Southern Territories,2024-11-20
972,Jacob,Myers,Male,2006-11-05,2019,BS Mathematics,South Kimberlyton,Chile,2025-07-28
973,Diana,Robinson,Female,1996-09-21,2021,BS Software Eng,Dixonstad,Namibia,2025-04-01
974,Garrett,Kelley,Male,2005-08-14,2022,BS Electrical,East Anne,Greenland,2025-02-11
975,Jeffrey,Garcia,Male,2003-12-25,2023,BS Software Eng,Owensmouth,Vietnam,2021-07-29
976,Jennifer,Lee,Female,2001-12-07,2022,BS Mathematics,Georgechester,Western Sahara,2022-09-01
977,Hannah,Lynch,Female,2002-11-15,2020,BS Software Eng,Whiteland,Sudan,2024-11-03
978,Samuel,Washington,Male,2007-05-11,2024,BS Business,New Sarah,Guinea,2024-01-14
979,Brenda,Martinez,Female,2006-01-01,2020,BS Computer Science,Hoffmanport,Estonia,2025-09-21
980,Thomas,Hernandez,Male,2007-02-23,2022,BS Electrical,South Lisabury,British Virgin Islands,2022-05-29
981,Patrick,Robertson,Male,2001-07-27,2022,BS Software Eng,Gonzalesberg,Belarus,2023-07-14
982,Rachel,Holloway,Female,2002-07-21,2020,BS Mathematics,West Dana,India,2025-01-10
983,Gary,Black,Male,1996-05-25,2024,BS Computer Science,North Kennethmouth,Cyprus,2023-07-21
984,Jordan,Burns,Male,2003-09-05,2022,BS Electrical,North Markmouth,Liechtenstein,2024-04-05
985,Nancy,Velasquez,Female,2008-04-19,2019,BS Electrical,Aliciaton,Saint Kitts and Nevis,2025-05-26
986,Gabriel,Gamble,Male,1999-05-18,2024,BS Software Eng,Jessicaville,United Arab Emirates,2023-11-28
987,Jerome,Bennett,Male,2006-02-14,2022,BS Mathematics,Thomasport,Serbia,2023-08-05
988,Jordan,Washington,Male,2001-11-19,2024,BS Software Eng,Valeriefurt,El Salvador,2020-02-04
989,Jared,Michael,Male,2000-07-15,2022,BS Electrical,West Ethanshire,Marshall Islands,2023-11-07
990,Alison,Lee,Female,2008-07-10,2024,BS Mathematics,Davidport,Kenya,2020-04-13
991,Veronica,Walker,Female,2007-04-24,2021,BS Computer Science,North Anthony,Saint Lucia,2024-03-17
992,Eric,Rodriguez,Male,1996-08-17,2021,BS Software Eng,Nicoleton,Venezuela,2023-09-13
993,Maria,Riddle,Female,2001-09-27,2021,BS Business,Claymouth,Dominica,2024-10-27
994,David,Garcia,Male,1997-01-22,2022,BS Computer Science,Scottview,Israel,2024-02-18
995,Kristi,Willis,Female,2002-05-25,2022,BS Software Eng,Meyerhaven,Sierra Leone,2024-10-06
996,Hannah,Villanueva,Female,2000-12-31,2021,BS Business,Adamtown,Japan,2025-02-26
997,Gregory,Kim,Male,1998-10-25,2024,BS Electrical,Port Erica,Christmas Island,2021-06-19
998,Ronald,Harper,Male,2000-08-18,2021,BS Business,North Erichaven,Solomon Islands,2023-02-03
999,Perry,Moore,Male,2007-01-11,2020,BS Computer Science,Sandersshire,Tanzania,2025-08-08
1000,Elizabeth,Jimenez,Female,2000-03-26,2024,BS Business,Snyderburgh,Kyrgyz Republic,2022-12-21
